input,output
approx -20 + -20,-40
approx -20 - -20,0
approx -20 * -20,400
approx -20 / -20,1.0
approx -20 + -19,-39
approx -20 - -19,-1
approx -20 * -19,380
approx -20 / -19,1.0526315789473684
approx -20 + -18,-38
approx -20 - -18,-2
approx -20 * -18,360
approx -20 / -18,1.1111111111111112
approx -20 + -17,-37
approx -20 - -17,-3
approx -20 * -17,340
approx -20 / -17,1.1764705882352942
approx -20 + -16,-36
approx -20 - -16,-4
approx -20 * -16,320
approx -20 / -16,1.25
approx -20 + -15,-35
approx -20 - -15,-5
approx -20 * -15,300
approx -20 / -15,1.3333333333333333
approx -20 + -14,-34
approx -20 - -14,-6
approx -20 * -14,280
approx -20 / -14,1.4285714285714286
approx -20 + -13,-33
approx -20 - -13,-7
approx -20 * -13,260
approx -20 / -13,1.5384615384615385
approx -20 + -12,-32
approx -20 - -12,-8
approx -20 * -12,240
approx -20 / -12,1.6666666666666667
approx -20 + -11,-31
approx -20 - -11,-9
approx -20 * -11,220
approx -20 / -11,1.8181818181818181
approx -20 + -10,-30
approx -20 - -10,-10
approx -20 * -10,200
approx -20 / -10,2.0
approx -20 + -9,-29
approx -20 - -9,-11
approx -20 * -9,180
approx -20 / -9,2.2222222222222223
approx -20 + -8,-28
approx -20 - -8,-12
approx -20 * -8,160
approx -20 / -8,2.5
approx -20 + -7,-27
approx -20 - -7,-13
approx -20 * -7,140
approx -20 / -7,2.857142857142857
approx -20 + -6,-26
approx -20 - -6,-14
approx -20 * -6,120
approx -20 / -6,3.3333333333333335
approx -20 + -5,-25
approx -20 - -5,-15
approx -20 * -5,100
approx -20 / -5,4.0
approx -20 + -4,-24
approx -20 - -4,-16
approx -20 * -4,80
approx -20 / -4,5.0
approx -20 + -3,-23
approx -20 - -3,-17
approx -20 * -3,60
approx -20 / -3,6.666666666666667
approx -20 + -2,-22
approx -20 - -2,-18
approx -20 * -2,40
approx -20 / -2,10.0
approx -20 + -1,-21
approx -20 - -1,-19
approx -20 * -1,20
approx -20 / -1,20.0
approx -20 + 0,-20
approx -20 - 0,-20
approx -20 * 0,0
approx -20 + 1,-19
approx -20 - 1,-21
approx -20 * 1,-20
approx -20 / 1,-20.0
approx -20 + 2,-18
approx -20 - 2,-22
approx -20 * 2,-40
approx -20 / 2,-10.0
approx -20 + 3,-17
approx -20 - 3,-23
approx -20 * 3,-60
approx -20 / 3,-6.666666666666667
approx -20 + 4,-16
approx -20 - 4,-24
approx -20 * 4,-80
approx -20 / 4,-5.0
approx -20 + 5,-15
approx -20 - 5,-25
approx -20 * 5,-100
approx -20 / 5,-4.0
approx -20 + 6,-14
approx -20 - 6,-26
approx -20 * 6,-120
approx -20 / 6,-3.3333333333333335
approx -20 + 7,-13
approx -20 - 7,-27
approx -20 * 7,-140
approx -20 / 7,-2.857142857142857
approx -20 + 8,-12
approx -20 - 8,-28
approx -20 * 8,-160
approx -20 / 8,-2.5
approx -20 + 9,-11
approx -20 - 9,-29
approx -20 * 9,-180
approx -20 / 9,-2.2222222222222223
approx -20 + 10,-10
approx -20 - 10,-30
approx -20 * 10,-200
approx -20 / 10,-2.0
approx -20 + 11,-9
approx -20 - 11,-31
approx -20 * 11,-220
approx -20 / 11,-1.8181818181818181
approx -20 + 12,-8
approx -20 - 12,-32
approx -20 * 12,-240
approx -20 / 12,-1.6666666666666667
approx -20 + 13,-7
approx -20 - 13,-33
approx -20 * 13,-260
approx -20 / 13,-1.5384615384615385
approx -20 + 14,-6
approx -20 - 14,-34
approx -20 * 14,-280
approx -20 / 14,-1.4285714285714286
approx -20 + 15,-5
approx -20 - 15,-35
approx -20 * 15,-300
approx -20 / 15,-1.3333333333333333
approx -20 + 16,-4
approx -20 - 16,-36
approx -20 * 16,-320
approx -20 / 16,-1.25
approx -20 + 17,-3
approx -20 - 17,-37
approx -20 * 17,-340
approx -20 / 17,-1.1764705882352942
approx -20 + 18,-2
approx -20 - 18,-38
approx -20 * 18,-360
approx -20 / 18,-1.1111111111111112
approx -20 + 19,-1
approx -20 - 19,-39
approx -20 * 19,-380
approx -20 / 19,-1.0526315789473684
approx -20 + 20,0
approx -20 - 20,-40
approx -20 * 20,-400
approx -20 / 20,-1.0
approx -19 + -20,-39
approx -19 - -20,1
approx -19 * -20,380
approx -19 / -20,0.95
approx -19 + -19,-38
approx -19 - -19,0
approx -19 * -19,361
approx -19 / -19,1.0
approx -19 + -18,-37
approx -19 - -18,-1
approx -19 * -18,342
approx -19 / -18,1.0555555555555556
approx -19 + -17,-36
approx -19 - -17,-2
approx -19 * -17,323
approx -19 / -17,1.1176470588235294
approx -19 + -16,-35
approx -19 - -16,-3
approx -19 * -16,304
approx -19 / -16,1.1875
approx -19 + -15,-34
approx -19 - -15,-4
approx -19 * -15,285
approx -19 / -15,1.2666666666666666
approx -19 + -14,-33
approx -19 - -14,-5
approx -19 * -14,266
approx -19 / -14,1.3571428571428572
approx -19 + -13,-32
approx -19 - -13,-6
approx -19 * -13,247
approx -19 / -13,1.4615384615384615
approx -19 + -12,-31
approx -19 - -12,-7
approx -19 * -12,228
approx -19 / -12,1.5833333333333333
approx -19 + -11,-30
approx -19 - -11,-8
approx -19 * -11,209
approx -19 / -11,1.7272727272727273
approx -19 + -10,-29
approx -19 - -10,-9
approx -19 * -10,190
approx -19 / -10,1.9
approx -19 + -9,-28
approx -19 - -9,-10
approx -19 * -9,171
approx -19 / -9,2.111111111111111
approx -19 + -8,-27
approx -19 - -8,-11
approx -19 * -8,152
approx -19 / -8,2.375
approx -19 + -7,-26
approx -19 - -7,-12
approx -19 * -7,133
approx -19 / -7,2.7142857142857144
approx -19 + -6,-25
approx -19 - -6,-13
approx -19 * -6,114
approx -19 / -6,3.1666666666666665
approx -19 + -5,-24
approx -19 - -5,-14
approx -19 * -5,95
approx -19 / -5,3.8
approx -19 + -4,-23
approx -19 - -4,-15
approx -19 * -4,76
approx -19 / -4,4.75
approx -19 + -3,-22
approx -19 - -3,-16
approx -19 * -3,57
approx -19 / -3,6.333333333333333
approx -19 + -2,-21
approx -19 - -2,-17
approx -19 * -2,38
approx -19 / -2,9.5
approx -19 + -1,-20
approx -19 - -1,-18
approx -19 * -1,19
approx -19 / -1,19.0
approx -19 + 0,-19
approx -19 - 0,-19
approx -19 * 0,0
approx -19 + 1,-18
approx -19 - 1,-20
approx -19 * 1,-19
approx -19 / 1,-19.0
approx -19 + 2,-17
approx -19 - 2,-21
approx -19 * 2,-38
approx -19 / 2,-9.5
approx -19 + 3,-16
approx -19 - 3,-22
approx -19 * 3,-57
approx -19 / 3,-6.333333333333333
approx -19 + 4,-15
approx -19 - 4,-23
approx -19 * 4,-76
approx -19 / 4,-4.75
approx -19 + 5,-14
approx -19 - 5,-24
approx -19 * 5,-95
approx -19 / 5,-3.8
approx -19 + 6,-13
approx -19 - 6,-25
approx -19 * 6,-114
approx -19 / 6,-3.1666666666666665
approx -19 + 7,-12
approx -19 - 7,-26
approx -19 * 7,-133
approx -19 / 7,-2.7142857142857144
approx -19 + 8,-11
approx -19 - 8,-27
approx -19 * 8,-152
approx -19 / 8,-2.375
approx -19 + 9,-10
approx -19 - 9,-28
approx -19 * 9,-171
approx -19 / 9,-2.111111111111111
approx -19 + 10,-9
approx -19 - 10,-29
approx -19 * 10,-190
approx -19 / 10,-1.9
approx -19 + 11,-8
approx -19 - 11,-30
approx -19 * 11,-209
approx -19 / 11,-1.7272727272727273
approx -19 + 12,-7
approx -19 - 12,-31
approx -19 * 12,-228
approx -19 / 12,-1.5833333333333333
approx -19 + 13,-6
approx -19 - 13,-32
approx -19 * 13,-247
approx -19 / 13,-1.4615384615384615
approx -19 + 14,-5
approx -19 - 14,-33
approx -19 * 14,-266
approx -19 / 14,-1.3571428571428572
approx -19 + 15,-4
approx -19 - 15,-34
approx -19 * 15,-285
approx -19 / 15,-1.2666666666666666
approx -19 + 16,-3
approx -19 - 16,-35
approx -19 * 16,-304
approx -19 / 16,-1.1875
approx -19 + 17,-2
approx -19 - 17,-36
approx -19 * 17,-323
approx -19 / 17,-1.1176470588235294
approx -19 + 18,-1
approx -19 - 18,-37
approx -19 * 18,-342
approx -19 / 18,-1.0555555555555556
approx -19 + 19,0
approx -19 - 19,-38
approx -19 * 19,-361
approx -19 / 19,-1.0
approx -19 + 20,1
approx -19 - 20,-39
approx -19 * 20,-380
approx -19 / 20,-0.95
approx -18 + -20,-38
approx -18 - -20,2
approx -18 * -20,360
approx -18 / -20,0.9
approx -18 + -19,-37
approx -18 - -19,1
approx -18 * -19,342
approx -18 / -19,0.9473684210526315
approx -18 + -18,-36
approx -18 - -18,0
approx -18 * -18,324
approx -18 / -18,1.0
approx -18 + -17,-35
approx -18 - -17,-1
approx -18 * -17,306
approx -18 / -17,1.0588235294117647
approx -18 + -16,-34
approx -18 - -16,-2
approx -18 * -16,288
approx -18 / -16,1.125
approx -18 + -15,-33
approx -18 - -15,-3
approx -18 * -15,270
approx -18 / -15,1.2
approx -18 + -14,-32
approx -18 - -14,-4
approx -18 * -14,252
approx -18 / -14,1.2857142857142858
approx -18 + -13,-31
approx -18 - -13,-5
approx -18 * -13,234
approx -18 / -13,1.3846153846153846
approx -18 + -12,-30
approx -18 - -12,-6
approx -18 * -12,216
approx -18 / -12,1.5
approx -18 + -11,-29
approx -18 - -11,-7
approx -18 * -11,198
approx -18 / -11,1.6363636363636365
approx -18 + -10,-28
approx -18 - -10,-8
approx -18 * -10,180
approx -18 / -10,1.8
approx -18 + -9,-27
approx -18 - -9,-9
approx -18 * -9,162
approx -18 / -9,2.0
approx -18 + -8,-26
approx -18 - -8,-10
approx -18 * -8,144
approx -18 / -8,2.25
approx -18 + -7,-25
approx -18 - -7,-11
approx -18 * -7,126
approx -18 / -7,2.5714285714285716
approx -18 + -6,-24
approx -18 - -6,-12
approx -18 * -6,108
approx -18 / -6,3.0
approx -18 + -5,-23
approx -18 - -5,-13
approx -18 * -5,90
approx -18 / -5,3.6
approx -18 + -4,-22
approx -18 - -4,-14
approx -18 * -4,72
approx -18 / -4,4.5
approx -18 + -3,-21
approx -18 - -3,-15
approx -18 * -3,54
approx -18 / -3,6.0
approx -18 + -2,-20
approx -18 - -2,-16
approx -18 * -2,36
approx -18 / -2,9.0
approx -18 + -1,-19
approx -18 - -1,-17
approx -18 * -1,18
approx -18 / -1,18.0
approx -18 + 0,-18
approx -18 - 0,-18
approx -18 * 0,0
approx -18 + 1,-17
approx -18 - 1,-19
approx -18 * 1,-18
approx -18 / 1,-18.0
approx -18 + 2,-16
approx -18 - 2,-20
approx -18 * 2,-36
approx -18 / 2,-9.0
approx -18 + 3,-15
approx -18 - 3,-21
approx -18 * 3,-54
approx -18 / 3,-6.0
approx -18 + 4,-14
approx -18 - 4,-22
approx -18 * 4,-72
approx -18 / 4,-4.5
approx -18 + 5,-13
approx -18 - 5,-23
approx -18 * 5,-90
approx -18 / 5,-3.6
approx -18 + 6,-12
approx -18 - 6,-24
approx -18 * 6,-108
approx -18 / 6,-3.0
approx -18 + 7,-11
approx -18 - 7,-25
approx -18 * 7,-126
approx -18 / 7,-2.5714285714285716
approx -18 + 8,-10
approx -18 - 8,-26
approx -18 * 8,-144
approx -18 / 8,-2.25
approx -18 + 9,-9
approx -18 - 9,-27
approx -18 * 9,-162
approx -18 / 9,-2.0
approx -18 + 10,-8
approx -18 - 10,-28
approx -18 * 10,-180
approx -18 / 10,-1.8
approx -18 + 11,-7
approx -18 - 11,-29
approx -18 * 11,-198
approx -18 / 11,-1.6363636363636365
approx -18 + 12,-6
approx -18 - 12,-30
approx -18 * 12,-216
approx -18 / 12,-1.5
approx -18 + 13,-5
approx -18 - 13,-31
approx -18 * 13,-234
approx -18 / 13,-1.3846153846153846
approx -18 + 14,-4
approx -18 - 14,-32
approx -18 * 14,-252
approx -18 / 14,-1.2857142857142858
approx -18 + 15,-3
approx -18 - 15,-33
approx -18 * 15,-270
approx -18 / 15,-1.2
approx -18 + 16,-2
approx -18 - 16,-34
approx -18 * 16,-288
approx -18 / 16,-1.125
approx -18 + 17,-1
approx -18 - 17,-35
approx -18 * 17,-306
approx -18 / 17,-1.0588235294117647
approx -18 + 18,0
approx -18 - 18,-36
approx -18 * 18,-324
approx -18 / 18,-1.0
approx -18 + 19,1
approx -18 - 19,-37
approx -18 * 19,-342
approx -18 / 19,-0.9473684210526315
approx -18 + 20,2
approx -18 - 20,-38
approx -18 * 20,-360
approx -18 / 20,-0.9
approx -17 + -20,-37
approx -17 - -20,3
approx -17 * -20,340
approx -17 / -20,0.85
approx -17 + -19,-36
approx -17 - -19,2
approx -17 * -19,323
approx -17 / -19,0.8947368421052632
approx -17 + -18,-35
approx -17 - -18,1
approx -17 * -18,306
approx -17 / -18,0.9444444444444444
approx -17 + -17,-34
approx -17 - -17,0
approx -17 * -17,289
approx -17 / -17,1.0
approx -17 + -16,-33
approx -17 - -16,-1
approx -17 * -16,272
approx -17 / -16,1.0625
approx -17 + -15,-32
approx -17 - -15,-2
approx -17 * -15,255
approx -17 / -15,1.1333333333333333
approx -17 + -14,-31
approx -17 - -14,-3
approx -17 * -14,238
approx -17 / -14,1.2142857142857142
approx -17 + -13,-30
approx -17 - -13,-4
approx -17 * -13,221
approx -17 / -13,1.3076923076923077
approx -17 + -12,-29
approx -17 - -12,-5
approx -17 * -12,204
approx -17 / -12,1.4166666666666667
approx -17 + -11,-28
approx -17 - -11,-6
approx -17 * -11,187
approx -17 / -11,1.5454545454545454
approx -17 + -10,-27
approx -17 - -10,-7
approx -17 * -10,170
approx -17 / -10,1.7
approx -17 + -9,-26
approx -17 - -9,-8
approx -17 * -9,153
approx -17 / -9,1.8888888888888888
approx -17 + -8,-25
approx -17 - -8,-9
approx -17 * -8,136
approx -17 / -8,2.125
approx -17 + -7,-24
approx -17 - -7,-10
approx -17 * -7,119
approx -17 / -7,2.4285714285714284
approx -17 + -6,-23
approx -17 - -6,-11
approx -17 * -6,102
approx -17 / -6,2.8333333333333335
approx -17 + -5,-22
approx -17 - -5,-12
approx -17 * -5,85
approx -17 / -5,3.4
approx -17 + -4,-21
approx -17 - -4,-13
approx -17 * -4,68
approx -17 / -4,4.25
approx -17 + -3,-20
approx -17 - -3,-14
approx -17 * -3,51
approx -17 / -3,5.666666666666667
approx -17 + -2,-19
approx -17 - -2,-15
approx -17 * -2,34
approx -17 / -2,8.5
approx -17 + -1,-18
approx -17 - -1,-16
approx -17 * -1,17
approx -17 / -1,17.0
approx -17 + 0,-17
approx -17 - 0,-17
approx -17 * 0,0
approx -17 + 1,-16
approx -17 - 1,-18
approx -17 * 1,-17
approx -17 / 1,-17.0
approx -17 + 2,-15
approx -17 - 2,-19
approx -17 * 2,-34
approx -17 / 2,-8.5
approx -17 + 3,-14
approx -17 - 3,-20
approx -17 * 3,-51
approx -17 / 3,-5.666666666666667
approx -17 + 4,-13
approx -17 - 4,-21
approx -17 * 4,-68
approx -17 / 4,-4.25
approx -17 + 5,-12
approx -17 - 5,-22
approx -17 * 5,-85
approx -17 / 5,-3.4
approx -17 + 6,-11
approx -17 - 6,-23
approx -17 * 6,-102
approx -17 / 6,-2.8333333333333335
approx -17 + 7,-10
approx -17 - 7,-24
approx -17 * 7,-119
approx -17 / 7,-2.4285714285714284
approx -17 + 8,-9
approx -17 - 8,-25
approx -17 * 8,-136
approx -17 / 8,-2.125
approx -17 + 9,-8
approx -17 - 9,-26
approx -17 * 9,-153
approx -17 / 9,-1.8888888888888888
approx -17 + 10,-7
approx -17 - 10,-27
approx -17 * 10,-170
approx -17 / 10,-1.7
approx -17 + 11,-6
approx -17 - 11,-28
approx -17 * 11,-187
approx -17 / 11,-1.5454545454545454
approx -17 + 12,-5
approx -17 - 12,-29
approx -17 * 12,-204
approx -17 / 12,-1.4166666666666667
approx -17 + 13,-4
approx -17 - 13,-30
approx -17 * 13,-221
approx -17 / 13,-1.3076923076923077
approx -17 + 14,-3
approx -17 - 14,-31
approx -17 * 14,-238
approx -17 / 14,-1.2142857142857142
approx -17 + 15,-2
approx -17 - 15,-32
approx -17 * 15,-255
approx -17 / 15,-1.1333333333333333
approx -17 + 16,-1
approx -17 - 16,-33
approx -17 * 16,-272
approx -17 / 16,-1.0625
approx -17 + 17,0
approx -17 - 17,-34
approx -17 * 17,-289
approx -17 / 17,-1.0
approx -17 + 18,1
approx -17 - 18,-35
approx -17 * 18,-306
approx -17 / 18,-0.9444444444444444
approx -17 + 19,2
approx -17 - 19,-36
approx -17 * 19,-323
approx -17 / 19,-0.8947368421052632
approx -17 + 20,3
approx -17 - 20,-37
approx -17 * 20,-340
approx -17 / 20,-0.85
approx -16 + -20,-36
approx -16 - -20,4
approx -16 * -20,320
approx -16 / -20,0.8
approx -16 + -19,-35
approx -16 - -19,3
approx -16 * -19,304
approx -16 / -19,0.8421052631578947
approx -16 + -18,-34
approx -16 - -18,2
approx -16 * -18,288
approx -16 / -18,0.8888888888888888
approx -16 + -17,-33
approx -16 - -17,1
approx -16 * -17,272
approx -16 / -17,0.9411764705882353
approx -16 + -16,-32
approx -16 - -16,0
approx -16 * -16,256
approx -16 / -16,1.0
approx -16 + -15,-31
approx -16 - -15,-1
approx -16 * -15,240
approx -16 / -15,1.0666666666666667
approx -16 + -14,-30
approx -16 - -14,-2
approx -16 * -14,224
approx -16 / -14,1.1428571428571428
approx -16 + -13,-29
approx -16 - -13,-3
approx -16 * -13,208
approx -16 / -13,1.2307692307692308
approx -16 + -12,-28
approx -16 - -12,-4
approx -16 * -12,192
approx -16 / -12,1.3333333333333333
approx -16 + -11,-27
approx -16 - -11,-5
approx -16 * -11,176
approx -16 / -11,1.4545454545454546
approx -16 + -10,-26
approx -16 - -10,-6
approx -16 * -10,160
approx -16 / -10,1.6
approx -16 + -9,-25
approx -16 - -9,-7
approx -16 * -9,144
approx -16 / -9,1.7777777777777777
approx -16 + -8,-24
approx -16 - -8,-8
approx -16 * -8,128
approx -16 / -8,2.0
approx -16 + -7,-23
approx -16 - -7,-9
approx -16 * -7,112
approx -16 / -7,2.2857142857142856
approx -16 + -6,-22
approx -16 - -6,-10
approx -16 * -6,96
approx -16 / -6,2.6666666666666665
approx -16 + -5,-21
approx -16 - -5,-11
approx -16 * -5,80
approx -16 / -5,3.2
approx -16 + -4,-20
approx -16 - -4,-12
approx -16 * -4,64
approx -16 / -4,4.0
approx -16 + -3,-19
approx -16 - -3,-13
approx -16 * -3,48
approx -16 / -3,5.333333333333333
approx -16 + -2,-18
approx -16 - -2,-14
approx -16 * -2,32
approx -16 / -2,8.0
approx -16 + -1,-17
approx -16 - -1,-15
approx -16 * -1,16
approx -16 / -1,16.0
approx -16 + 0,-16
approx -16 - 0,-16
approx -16 * 0,0
approx -16 + 1,-15
approx -16 - 1,-17
approx -16 * 1,-16
approx -16 / 1,-16.0
approx -16 + 2,-14
approx -16 - 2,-18
approx -16 * 2,-32
approx -16 / 2,-8.0
approx -16 + 3,-13
approx -16 - 3,-19
approx -16 * 3,-48
approx -16 / 3,-5.333333333333333
approx -16 + 4,-12
approx -16 - 4,-20
approx -16 * 4,-64
approx -16 / 4,-4.0
approx -16 + 5,-11
approx -16 - 5,-21
approx -16 * 5,-80
approx -16 / 5,-3.2
approx -16 + 6,-10
approx -16 - 6,-22
approx -16 * 6,-96
approx -16 / 6,-2.6666666666666665
approx -16 + 7,-9
approx -16 - 7,-23
approx -16 * 7,-112
approx -16 / 7,-2.2857142857142856
approx -16 + 8,-8
approx -16 - 8,-24
approx -16 * 8,-128
approx -16 / 8,-2.0
approx -16 + 9,-7
approx -16 - 9,-25
approx -16 * 9,-144
approx -16 / 9,-1.7777777777777777
approx -16 + 10,-6
approx -16 - 10,-26
approx -16 * 10,-160
approx -16 / 10,-1.6
approx -16 + 11,-5
approx -16 - 11,-27
approx -16 * 11,-176
approx -16 / 11,-1.4545454545454546
approx -16 + 12,-4
approx -16 - 12,-28
approx -16 * 12,-192
approx -16 / 12,-1.3333333333333333
approx -16 + 13,-3
approx -16 - 13,-29
approx -16 * 13,-208
approx -16 / 13,-1.2307692307692308
approx -16 + 14,-2
approx -16 - 14,-30
approx -16 * 14,-224
approx -16 / 14,-1.1428571428571428
approx -16 + 15,-1
approx -16 - 15,-31
approx -16 * 15,-240
approx -16 / 15,-1.0666666666666667
approx -16 + 16,0
approx -16 - 16,-32
approx -16 * 16,-256
approx -16 / 16,-1.0
approx -16 + 17,1
approx -16 - 17,-33
approx -16 * 17,-272
approx -16 / 17,-0.9411764705882353
approx -16 + 18,2
approx -16 - 18,-34
approx -16 * 18,-288
approx -16 / 18,-0.8888888888888888
approx -16 + 19,3
approx -16 - 19,-35
approx -16 * 19,-304
approx -16 / 19,-0.8421052631578947
approx -16 + 20,4
approx -16 - 20,-36
approx -16 * 20,-320
approx -16 / 20,-0.8
approx -15 + -20,-35
approx -15 - -20,5
approx -15 * -20,300
approx -15 / -20,0.75
approx -15 + -19,-34
approx -15 - -19,4
approx -15 * -19,285
approx -15 / -19,0.7894736842105263
approx -15 + -18,-33
approx -15 - -18,3
approx -15 * -18,270
approx -15 / -18,0.8333333333333334
approx -15 + -17,-32
approx -15 - -17,2
approx -15 * -17,255
approx -15 / -17,0.8823529411764706
approx -15 + -16,-31
approx -15 - -16,1
approx -15 * -16,240
approx -15 / -16,0.9375
approx -15 + -15,-30
approx -15 - -15,0
approx -15 * -15,225
approx -15 / -15,1.0
approx -15 + -14,-29
approx -15 - -14,-1
approx -15 * -14,210
approx -15 / -14,1.0714285714285714
approx -15 + -13,-28
approx -15 - -13,-2
approx -15 * -13,195
approx -15 / -13,1.1538461538461537
approx -15 + -12,-27
approx -15 - -12,-3
approx -15 * -12,180
approx -15 / -12,1.25
approx -15 + -11,-26
approx -15 - -11,-4
approx -15 * -11,165
approx -15 / -11,1.3636363636363635
approx -15 + -10,-25
approx -15 - -10,-5
approx -15 * -10,150
approx -15 / -10,1.5
approx -15 + -9,-24
approx -15 - -9,-6
approx -15 * -9,135
approx -15 / -9,1.6666666666666667
approx -15 + -8,-23
approx -15 - -8,-7
approx -15 * -8,120
approx -15 / -8,1.875
approx -15 + -7,-22
approx -15 - -7,-8
approx -15 * -7,105
approx -15 / -7,2.142857142857143
approx -15 + -6,-21
approx -15 - -6,-9
approx -15 * -6,90
approx -15 / -6,2.5
approx -15 + -5,-20
approx -15 - -5,-10
approx -15 * -5,75
approx -15 / -5,3.0
approx -15 + -4,-19
approx -15 - -4,-11
approx -15 * -4,60
approx -15 / -4,3.75
approx -15 + -3,-18
approx -15 - -3,-12
approx -15 * -3,45
approx -15 / -3,5.0
approx -15 + -2,-17
approx -15 - -2,-13
approx -15 * -2,30
approx -15 / -2,7.5
approx -15 + -1,-16
approx -15 - -1,-14
approx -15 * -1,15
approx -15 / -1,15.0
approx -15 + 0,-15
approx -15 - 0,-15
approx -15 * 0,0
approx -15 + 1,-14
approx -15 - 1,-16
approx -15 * 1,-15
approx -15 / 1,-15.0
approx -15 + 2,-13
approx -15 - 2,-17
approx -15 * 2,-30
approx -15 / 2,-7.5
approx -15 + 3,-12
approx -15 - 3,-18
approx -15 * 3,-45
approx -15 / 3,-5.0
approx -15 + 4,-11
approx -15 - 4,-19
approx -15 * 4,-60
approx -15 / 4,-3.75
approx -15 + 5,-10
approx -15 - 5,-20
approx -15 * 5,-75
approx -15 / 5,-3.0
approx -15 + 6,-9
approx -15 - 6,-21
approx -15 * 6,-90
approx -15 / 6,-2.5
approx -15 + 7,-8
approx -15 - 7,-22
approx -15 * 7,-105
approx -15 / 7,-2.142857142857143
approx -15 + 8,-7
approx -15 - 8,-23
approx -15 * 8,-120
approx -15 / 8,-1.875
approx -15 + 9,-6
approx -15 - 9,-24
approx -15 * 9,-135
approx -15 / 9,-1.6666666666666667
approx -15 + 10,-5
approx -15 - 10,-25
approx -15 * 10,-150
approx -15 / 10,-1.5
approx -15 + 11,-4
approx -15 - 11,-26
approx -15 * 11,-165
approx -15 / 11,-1.3636363636363635
approx -15 + 12,-3
approx -15 - 12,-27
approx -15 * 12,-180
approx -15 / 12,-1.25
approx -15 + 13,-2
approx -15 - 13,-28
approx -15 * 13,-195
approx -15 / 13,-1.1538461538461537
approx -15 + 14,-1
approx -15 - 14,-29
approx -15 * 14,-210
approx -15 / 14,-1.0714285714285714
approx -15 + 15,0
approx -15 - 15,-30
approx -15 * 15,-225
approx -15 / 15,-1.0
approx -15 + 16,1
approx -15 - 16,-31
approx -15 * 16,-240
approx -15 / 16,-0.9375
approx -15 + 17,2
approx -15 - 17,-32
approx -15 * 17,-255
approx -15 / 17,-0.8823529411764706
approx -15 + 18,3
approx -15 - 18,-33
approx -15 * 18,-270
approx -15 / 18,-0.8333333333333334
approx -15 + 19,4
approx -15 - 19,-34
approx -15 * 19,-285
approx -15 / 19,-0.7894736842105263
approx -15 + 20,5
approx -15 - 20,-35
approx -15 * 20,-300
approx -15 / 20,-0.75
approx -14 + -20,-34
approx -14 - -20,6
approx -14 * -20,280
approx -14 / -20,0.7
approx -14 + -19,-33
approx -14 - -19,5
approx -14 * -19,266
approx -14 / -19,0.7368421052631579
approx -14 + -18,-32
approx -14 - -18,4
approx -14 * -18,252
approx -14 / -18,0.7777777777777778
approx -14 + -17,-31
approx -14 - -17,3
approx -14 * -17,238
approx -14 / -17,0.8235294117647058
approx -14 + -16,-30
approx -14 - -16,2
approx -14 * -16,224
approx -14 / -16,0.875
approx -14 + -15,-29
approx -14 - -15,1
approx -14 * -15,210
approx -14 / -15,0.9333333333333333
approx -14 + -14,-28
approx -14 - -14,0
approx -14 * -14,196
approx -14 / -14,1.0
approx -14 + -13,-27
approx -14 - -13,-1
approx -14 * -13,182
approx -14 / -13,1.0769230769230769
approx -14 + -12,-26
approx -14 - -12,-2
approx -14 * -12,168
approx -14 / -12,1.1666666666666667
approx -14 + -11,-25
approx -14 - -11,-3
approx -14 * -11,154
approx -14 / -11,1.2727272727272727
approx -14 + -10,-24
approx -14 - -10,-4
approx -14 * -10,140
approx -14 / -10,1.4
approx -14 + -9,-23
approx -14 - -9,-5
approx -14 * -9,126
approx -14 / -9,1.5555555555555556
approx -14 + -8,-22
approx -14 - -8,-6
approx -14 * -8,112
approx -14 / -8,1.75
approx -14 + -7,-21
approx -14 - -7,-7
approx -14 * -7,98
approx -14 / -7,2.0
approx -14 + -6,-20
approx -14 - -6,-8
approx -14 * -6,84
approx -14 / -6,2.3333333333333335
approx -14 + -5,-19
approx -14 - -5,-9
approx -14 * -5,70
approx -14 / -5,2.8
approx -14 + -4,-18
approx -14 - -4,-10
approx -14 * -4,56
approx -14 / -4,3.5
approx -14 + -3,-17
approx -14 - -3,-11
approx -14 * -3,42
approx -14 / -3,4.666666666666667
approx -14 + -2,-16
approx -14 - -2,-12
approx -14 * -2,28
approx -14 / -2,7.0
approx -14 + -1,-15
approx -14 - -1,-13
approx -14 * -1,14
approx -14 / -1,14.0
approx -14 + 0,-14
approx -14 - 0,-14
approx -14 * 0,0
approx -14 + 1,-13
approx -14 - 1,-15
approx -14 * 1,-14
approx -14 / 1,-14.0
approx -14 + 2,-12
approx -14 - 2,-16
approx -14 * 2,-28
approx -14 / 2,-7.0
approx -14 + 3,-11
approx -14 - 3,-17
approx -14 * 3,-42
approx -14 / 3,-4.666666666666667
approx -14 + 4,-10
approx -14 - 4,-18
approx -14 * 4,-56
approx -14 / 4,-3.5
approx -14 + 5,-9
approx -14 - 5,-19
approx -14 * 5,-70
approx -14 / 5,-2.8
approx -14 + 6,-8
approx -14 - 6,-20
approx -14 * 6,-84
approx -14 / 6,-2.3333333333333335
approx -14 + 7,-7
approx -14 - 7,-21
approx -14 * 7,-98
approx -14 / 7,-2.0
approx -14 + 8,-6
approx -14 - 8,-22
approx -14 * 8,-112
approx -14 / 8,-1.75
approx -14 + 9,-5
approx -14 - 9,-23
approx -14 * 9,-126
approx -14 / 9,-1.5555555555555556
approx -14 + 10,-4
approx -14 - 10,-24
approx -14 * 10,-140
approx -14 / 10,-1.4
approx -14 + 11,-3
approx -14 - 11,-25
approx -14 * 11,-154
approx -14 / 11,-1.2727272727272727
approx -14 + 12,-2
approx -14 - 12,-26
approx -14 * 12,-168
approx -14 / 12,-1.1666666666666667
approx -14 + 13,-1
approx -14 - 13,-27
approx -14 * 13,-182
approx -14 / 13,-1.0769230769230769
approx -14 + 14,0
approx -14 - 14,-28
approx -14 * 14,-196
approx -14 / 14,-1.0
approx -14 + 15,1
approx -14 - 15,-29
approx -14 * 15,-210
approx -14 / 15,-0.9333333333333333
approx -14 + 16,2
approx -14 - 16,-30
approx -14 * 16,-224
approx -14 / 16,-0.875
approx -14 + 17,3
approx -14 - 17,-31
approx -14 * 17,-238
approx -14 / 17,-0.8235294117647058
approx -14 + 18,4
approx -14 - 18,-32
approx -14 * 18,-252
approx -14 / 18,-0.7777777777777778
approx -14 + 19,5
approx -14 - 19,-33
approx -14 * 19,-266
approx -14 / 19,-0.7368421052631579
approx -14 + 20,6
approx -14 - 20,-34
approx -14 * 20,-280
approx -14 / 20,-0.7
approx -13 + -20,-33
approx -13 - -20,7
approx -13 * -20,260
approx -13 / -20,0.65
approx -13 + -19,-32
approx -13 - -19,6
approx -13 * -19,247
approx -13 / -19,0.6842105263157895
approx -13 + -18,-31
approx -13 - -18,5
approx -13 * -18,234
approx -13 / -18,0.7222222222222222
approx -13 + -17,-30
approx -13 - -17,4
approx -13 * -17,221
approx -13 / -17,0.7647058823529411
approx -13 + -16,-29
approx -13 - -16,3
approx -13 * -16,208
approx -13 / -16,0.8125
approx -13 + -15,-28
approx -13 - -15,2
approx -13 * -15,195
approx -13 / -15,0.8666666666666667
approx -13 + -14,-27
approx -13 - -14,1
approx -13 * -14,182
approx -13 / -14,0.9285714285714286
approx -13 + -13,-26
approx -13 - -13,0
approx -13 * -13,169
approx -13 / -13,1.0
approx -13 + -12,-25
approx -13 - -12,-1
approx -13 * -12,156
approx -13 / -12,1.0833333333333333
approx -13 + -11,-24
approx -13 - -11,-2
approx -13 * -11,143
approx -13 / -11,1.1818181818181819
approx -13 + -10,-23
approx -13 - -10,-3
approx -13 * -10,130
approx -13 / -10,1.3
approx -13 + -9,-22
approx -13 - -9,-4
approx -13 * -9,117
approx -13 / -9,1.4444444444444444
approx -13 + -8,-21
approx -13 - -8,-5
approx -13 * -8,104
approx -13 / -8,1.625
approx -13 + -7,-20
approx -13 - -7,-6
approx -13 * -7,91
approx -13 / -7,1.8571428571428572
approx -13 + -6,-19
approx -13 - -6,-7
approx -13 * -6,78
approx -13 / -6,2.1666666666666665
approx -13 + -5,-18
approx -13 - -5,-8
approx -13 * -5,65
approx -13 / -5,2.6
approx -13 + -4,-17
approx -13 - -4,-9
approx -13 * -4,52
approx -13 / -4,3.25
approx -13 + -3,-16
approx -13 - -3,-10
approx -13 * -3,39
approx -13 / -3,4.333333333333333
approx -13 + -2,-15
approx -13 - -2,-11
approx -13 * -2,26
approx -13 / -2,6.5
approx -13 + -1,-14
approx -13 - -1,-12
approx -13 * -1,13
approx -13 / -1,13.0
approx -13 + 0,-13
approx -13 - 0,-13
approx -13 * 0,0
approx -13 + 1,-12
approx -13 - 1,-14
approx -13 * 1,-13
approx -13 / 1,-13.0
approx -13 + 2,-11
approx -13 - 2,-15
approx -13 * 2,-26
approx -13 / 2,-6.5
approx -13 + 3,-10
approx -13 - 3,-16
approx -13 * 3,-39
approx -13 / 3,-4.333333333333333
approx -13 + 4,-9
approx -13 - 4,-17
approx -13 * 4,-52
approx -13 / 4,-3.25
approx -13 + 5,-8
approx -13 - 5,-18
approx -13 * 5,-65
approx -13 / 5,-2.6
approx -13 + 6,-7
approx -13 - 6,-19
approx -13 * 6,-78
approx -13 / 6,-2.1666666666666665
approx -13 + 7,-6
approx -13 - 7,-20
approx -13 * 7,-91
approx -13 / 7,-1.8571428571428572
approx -13 + 8,-5
approx -13 - 8,-21
approx -13 * 8,-104
approx -13 / 8,-1.625
approx -13 + 9,-4
approx -13 - 9,-22
approx -13 * 9,-117
approx -13 / 9,-1.4444444444444444
approx -13 + 10,-3
approx -13 - 10,-23
approx -13 * 10,-130
approx -13 / 10,-1.3
approx -13 + 11,-2
approx -13 - 11,-24
approx -13 * 11,-143
approx -13 / 11,-1.1818181818181819
approx -13 + 12,-1
approx -13 - 12,-25
approx -13 * 12,-156
approx -13 / 12,-1.0833333333333333
approx -13 + 13,0
approx -13 - 13,-26
approx -13 * 13,-169
approx -13 / 13,-1.0
approx -13 + 14,1
approx -13 - 14,-27
approx -13 * 14,-182
approx -13 / 14,-0.9285714285714286
approx -13 + 15,2
approx -13 - 15,-28
approx -13 * 15,-195
approx -13 / 15,-0.8666666666666667
approx -13 + 16,3
approx -13 - 16,-29
approx -13 * 16,-208
approx -13 / 16,-0.8125
approx -13 + 17,4
approx -13 - 17,-30
approx -13 * 17,-221
approx -13 / 17,-0.7647058823529411
approx -13 + 18,5
approx -13 - 18,-31
approx -13 * 18,-234
approx -13 / 18,-0.7222222222222222
approx -13 + 19,6
approx -13 - 19,-32
approx -13 * 19,-247
approx -13 / 19,-0.6842105263157895
approx -13 + 20,7
approx -13 - 20,-33
approx -13 * 20,-260
approx -13 / 20,-0.65
approx -12 + -20,-32
approx -12 - -20,8
approx -12 * -20,240
approx -12 / -20,0.6
approx -12 + -19,-31
approx -12 - -19,7
approx -12 * -19,228
approx -12 / -19,0.631578947368421
approx -12 + -18,-30
approx -12 - -18,6
approx -12 * -18,216
approx -12 / -18,0.6666666666666666
approx -12 + -17,-29
approx -12 - -17,5
approx -12 * -17,204
approx -12 / -17,0.7058823529411765
approx -12 + -16,-28
approx -12 - -16,4
approx -12 * -16,192
approx -12 / -16,0.75
approx -12 + -15,-27
approx -12 - -15,3
approx -12 * -15,180
approx -12 / -15,0.8
approx -12 + -14,-26
approx -12 - -14,2
approx -12 * -14,168
approx -12 / -14,0.8571428571428571
approx -12 + -13,-25
approx -12 - -13,1
approx -12 * -13,156
approx -12 / -13,0.9230769230769231
approx -12 + -12,-24
approx -12 - -12,0
approx -12 * -12,144
approx -12 / -12,1.0
approx -12 + -11,-23
approx -12 - -11,-1
approx -12 * -11,132
approx -12 / -11,1.0909090909090908
approx -12 + -10,-22
approx -12 - -10,-2
approx -12 * -10,120
approx -12 / -10,1.2
approx -12 + -9,-21
approx -12 - -9,-3
approx -12 * -9,108
approx -12 / -9,1.3333333333333333
approx -12 + -8,-20
approx -12 - -8,-4
approx -12 * -8,96
approx -12 / -8,1.5
approx -12 + -7,-19
approx -12 - -7,-5
approx -12 * -7,84
approx -12 / -7,1.7142857142857142
approx -12 + -6,-18
approx -12 - -6,-6
approx -12 * -6,72
approx -12 / -6,2.0
approx -12 + -5,-17
approx -12 - -5,-7
approx -12 * -5,60
approx -12 / -5,2.4
approx -12 + -4,-16
approx -12 - -4,-8
approx -12 * -4,48
approx -12 / -4,3.0
approx -12 + -3,-15
approx -12 - -3,-9
approx -12 * -3,36
approx -12 / -3,4.0
approx -12 + -2,-14
approx -12 - -2,-10
approx -12 * -2,24
approx -12 / -2,6.0
approx -12 + -1,-13
approx -12 - -1,-11
approx -12 * -1,12
approx -12 / -1,12.0
approx -12 + 0,-12
approx -12 - 0,-12
approx -12 * 0,0
approx -12 + 1,-11
approx -12 - 1,-13
approx -12 * 1,-12
approx -12 / 1,-12.0
approx -12 + 2,-10
approx -12 - 2,-14
approx -12 * 2,-24
approx -12 / 2,-6.0
approx -12 + 3,-9
approx -12 - 3,-15
approx -12 * 3,-36
approx -12 / 3,-4.0
approx -12 + 4,-8
approx -12 - 4,-16
approx -12 * 4,-48
approx -12 / 4,-3.0
approx -12 + 5,-7
approx -12 - 5,-17
approx -12 * 5,-60
approx -12 / 5,-2.4
approx -12 + 6,-6
approx -12 - 6,-18
approx -12 * 6,-72
approx -12 / 6,-2.0
approx -12 + 7,-5
approx -12 - 7,-19
approx -12 * 7,-84
approx -12 / 7,-1.7142857142857142
approx -12 + 8,-4
approx -12 - 8,-20
approx -12 * 8,-96
approx -12 / 8,-1.5
approx -12 + 9,-3
approx -12 - 9,-21
approx -12 * 9,-108
approx -12 / 9,-1.3333333333333333
approx -12 + 10,-2
approx -12 - 10,-22
approx -12 * 10,-120
approx -12 / 10,-1.2
approx -12 + 11,-1
approx -12 - 11,-23
approx -12 * 11,-132
approx -12 / 11,-1.0909090909090908
approx -12 + 12,0
approx -12 - 12,-24
approx -12 * 12,-144
approx -12 / 12,-1.0
approx -12 + 13,1
approx -12 - 13,-25
approx -12 * 13,-156
approx -12 / 13,-0.9230769230769231
approx -12 + 14,2
approx -12 - 14,-26
approx -12 * 14,-168
approx -12 / 14,-0.8571428571428571
approx -12 + 15,3
approx -12 - 15,-27
approx -12 * 15,-180
approx -12 / 15,-0.8
approx -12 + 16,4
approx -12 - 16,-28
approx -12 * 16,-192
approx -12 / 16,-0.75
approx -12 + 17,5
approx -12 - 17,-29
approx -12 * 17,-204
approx -12 / 17,-0.7058823529411765
approx -12 + 18,6
approx -12 - 18,-30
approx -12 * 18,-216
approx -12 / 18,-0.6666666666666666
approx -12 + 19,7
approx -12 - 19,-31
approx -12 * 19,-228
approx -12 / 19,-0.631578947368421
approx -12 + 20,8
approx -12 - 20,-32
approx -12 * 20,-240
approx -12 / 20,-0.6
approx -11 + -20,-31
approx -11 - -20,9
approx -11 * -20,220
approx -11 / -20,0.55
approx -11 + -19,-30
approx -11 - -19,8
approx -11 * -19,209
approx -11 / -19,0.5789473684210527
approx -11 + -18,-29
approx -11 - -18,7
approx -11 * -18,198
approx -11 / -18,0.6111111111111112
approx -11 + -17,-28
approx -11 - -17,6
approx -11 * -17,187
approx -11 / -17,0.6470588235294118
approx -11 + -16,-27
approx -11 - -16,5
approx -11 * -16,176
approx -11 / -16,0.6875
approx -11 + -15,-26
approx -11 - -15,4
approx -11 * -15,165
approx -11 / -15,0.7333333333333333
approx -11 + -14,-25
approx -11 - -14,3
approx -11 * -14,154
approx -11 / -14,0.7857142857142857
approx -11 + -13,-24
approx -11 - -13,2
approx -11 * -13,143
approx -11 / -13,0.8461538461538461
approx -11 + -12,-23
approx -11 - -12,1
approx -11 * -12,132
approx -11 / -12,0.9166666666666666
approx -11 + -11,-22
approx -11 - -11,0
approx -11 * -11,121
approx -11 / -11,1.0
approx -11 + -10,-21
approx -11 - -10,-1
approx -11 * -10,110
approx -11 / -10,1.1
approx -11 + -9,-20
approx -11 - -9,-2
approx -11 * -9,99
approx -11 / -9,1.2222222222222223
approx -11 + -8,-19
approx -11 - -8,-3
approx -11 * -8,88
approx -11 / -8,1.375
approx -11 + -7,-18
approx -11 - -7,-4
approx -11 * -7,77
approx -11 / -7,1.5714285714285714
approx -11 + -6,-17
approx -11 - -6,-5
approx -11 * -6,66
approx -11 / -6,1.8333333333333333
approx -11 + -5,-16
approx -11 - -5,-6
approx -11 * -5,55
approx -11 / -5,2.2
approx -11 + -4,-15
approx -11 - -4,-7
approx -11 * -4,44
approx -11 / -4,2.75
approx -11 + -3,-14
approx -11 - -3,-8
approx -11 * -3,33
approx -11 / -3,3.6666666666666665
approx -11 + -2,-13
approx -11 - -2,-9
approx -11 * -2,22
approx -11 / -2,5.5
approx -11 + -1,-12
approx -11 - -1,-10
approx -11 * -1,11
approx -11 / -1,11.0
approx -11 + 0,-11
approx -11 - 0,-11
approx -11 * 0,0
approx -11 + 1,-10
approx -11 - 1,-12
approx -11 * 1,-11
approx -11 / 1,-11.0
approx -11 + 2,-9
approx -11 - 2,-13
approx -11 * 2,-22
approx -11 / 2,-5.5
approx -11 + 3,-8
approx -11 - 3,-14
approx -11 * 3,-33
approx -11 / 3,-3.6666666666666665
approx -11 + 4,-7
approx -11 - 4,-15
approx -11 * 4,-44
approx -11 / 4,-2.75
approx -11 + 5,-6
approx -11 - 5,-16
approx -11 * 5,-55
approx -11 / 5,-2.2
approx -11 + 6,-5
approx -11 - 6,-17
approx -11 * 6,-66
approx -11 / 6,-1.8333333333333333
approx -11 + 7,-4
approx -11 - 7,-18
approx -11 * 7,-77
approx -11 / 7,-1.5714285714285714
approx -11 + 8,-3
approx -11 - 8,-19
approx -11 * 8,-88
approx -11 / 8,-1.375
approx -11 + 9,-2
approx -11 - 9,-20
approx -11 * 9,-99
approx -11 / 9,-1.2222222222222223
approx -11 + 10,-1
approx -11 - 10,-21
approx -11 * 10,-110
approx -11 / 10,-1.1
approx -11 + 11,0
approx -11 - 11,-22
approx -11 * 11,-121
approx -11 / 11,-1.0
approx -11 + 12,1
approx -11 - 12,-23
approx -11 * 12,-132
approx -11 / 12,-0.9166666666666666
approx -11 + 13,2
approx -11 - 13,-24
approx -11 * 13,-143
approx -11 / 13,-0.8461538461538461
approx -11 + 14,3
approx -11 - 14,-25
approx -11 * 14,-154
approx -11 / 14,-0.7857142857142857
approx -11 + 15,4
approx -11 - 15,-26
approx -11 * 15,-165
approx -11 / 15,-0.7333333333333333
approx -11 + 16,5
approx -11 - 16,-27
approx -11 * 16,-176
approx -11 / 16,-0.6875
approx -11 + 17,6
approx -11 - 17,-28
approx -11 * 17,-187
approx -11 / 17,-0.6470588235294118
approx -11 + 18,7
approx -11 - 18,-29
approx -11 * 18,-198
approx -11 / 18,-0.6111111111111112
approx -11 + 19,8
approx -11 - 19,-30
approx -11 * 19,-209
approx -11 / 19,-0.5789473684210527
approx -11 + 20,9
approx -11 - 20,-31
approx -11 * 20,-220
approx -11 / 20,-0.55
approx -10 + -20,-30
approx -10 - -20,10
approx -10 * -20,200
approx -10 / -20,0.5
approx -10 + -19,-29
approx -10 - -19,9
approx -10 * -19,190
approx -10 / -19,0.5263157894736842
approx -10 + -18,-28
approx -10 - -18,8
approx -10 * -18,180
approx -10 / -18,0.5555555555555556
approx -10 + -17,-27
approx -10 - -17,7
approx -10 * -17,170
approx -10 / -17,0.5882352941176471
approx -10 + -16,-26
approx -10 - -16,6
approx -10 * -16,160
approx -10 / -16,0.625
approx -10 + -15,-25
approx -10 - -15,5
approx -10 * -15,150
approx -10 / -15,0.6666666666666666
approx -10 + -14,-24
approx -10 - -14,4
approx -10 * -14,140
approx -10 / -14,0.7142857142857143
approx -10 + -13,-23
approx -10 - -13,3
approx -10 * -13,130
approx -10 / -13,0.7692307692307693
approx -10 + -12,-22
approx -10 - -12,2
approx -10 * -12,120
approx -10 / -12,0.8333333333333334
approx -10 + -11,-21
approx -10 - -11,1
approx -10 * -11,110
approx -10 / -11,0.9090909090909091
approx -10 + -10,-20
approx -10 - -10,0
approx -10 * -10,100
approx -10 / -10,1.0
approx -10 + -9,-19
approx -10 - -9,-1
approx -10 * -9,90
approx -10 / -9,1.1111111111111112
approx -10 + -8,-18
approx -10 - -8,-2
approx -10 * -8,80
approx -10 / -8,1.25
approx -10 + -7,-17
approx -10 - -7,-3
approx -10 * -7,70
approx -10 / -7,1.4285714285714286
approx -10 + -6,-16
approx -10 - -6,-4
approx -10 * -6,60
approx -10 / -6,1.6666666666666667
approx -10 + -5,-15
approx -10 - -5,-5
approx -10 * -5,50
approx -10 / -5,2.0
approx -10 + -4,-14
approx -10 - -4,-6
approx -10 * -4,40
approx -10 / -4,2.5
approx -10 + -3,-13
approx -10 - -3,-7
approx -10 * -3,30
approx -10 / -3,3.3333333333333335
approx -10 + -2,-12
approx -10 - -2,-8
approx -10 * -2,20
approx -10 / -2,5.0
approx -10 + -1,-11
approx -10 - -1,-9
approx -10 * -1,10
approx -10 / -1,10.0
approx -10 + 0,-10
approx -10 - 0,-10
approx -10 * 0,0
approx -10 + 1,-9
approx -10 - 1,-11
approx -10 * 1,-10
approx -10 / 1,-10.0
approx -10 + 2,-8
approx -10 - 2,-12
approx -10 * 2,-20
approx -10 / 2,-5.0
approx -10 + 3,-7
approx -10 - 3,-13
approx -10 * 3,-30
approx -10 / 3,-3.3333333333333335
approx -10 + 4,-6
approx -10 - 4,-14
approx -10 * 4,-40
approx -10 / 4,-2.5
approx -10 + 5,-5
approx -10 - 5,-15
approx -10 * 5,-50
approx -10 / 5,-2.0
approx -10 + 6,-4
approx -10 - 6,-16
approx -10 * 6,-60
approx -10 / 6,-1.6666666666666667
approx -10 + 7,-3
approx -10 - 7,-17
approx -10 * 7,-70
approx -10 / 7,-1.4285714285714286
approx -10 + 8,-2
approx -10 - 8,-18
approx -10 * 8,-80
approx -10 / 8,-1.25
approx -10 + 9,-1
approx -10 - 9,-19
approx -10 * 9,-90
approx -10 / 9,-1.1111111111111112
approx -10 + 10,0
approx -10 - 10,-20
approx -10 * 10,-100
approx -10 / 10,-1.0
approx -10 + 11,1
approx -10 - 11,-21
approx -10 * 11,-110
approx -10 / 11,-0.9090909090909091
approx -10 + 12,2
approx -10 - 12,-22
approx -10 * 12,-120
approx -10 / 12,-0.8333333333333334
approx -10 + 13,3
approx -10 - 13,-23
approx -10 * 13,-130
approx -10 / 13,-0.7692307692307693
approx -10 + 14,4
approx -10 - 14,-24
approx -10 * 14,-140
approx -10 / 14,-0.7142857142857143
approx -10 + 15,5
approx -10 - 15,-25
approx -10 * 15,-150
approx -10 / 15,-0.6666666666666666
approx -10 + 16,6
approx -10 - 16,-26
approx -10 * 16,-160
approx -10 / 16,-0.625
approx -10 + 17,7
approx -10 - 17,-27
approx -10 * 17,-170
approx -10 / 17,-0.5882352941176471
approx -10 + 18,8
approx -10 - 18,-28
approx -10 * 18,-180
approx -10 / 18,-0.5555555555555556
approx -10 + 19,9
approx -10 - 19,-29
approx -10 * 19,-190
approx -10 / 19,-0.5263157894736842
approx -10 + 20,10
approx -10 - 20,-30
approx -10 * 20,-200
approx -10 / 20,-0.5
approx -9 + -20,-29
approx -9 - -20,11
approx -9 * -20,180
approx -9 / -20,0.45
approx -9 + -19,-28
approx -9 - -19,10
approx -9 * -19,171
approx -9 / -19,0.47368421052631576
approx -9 + -18,-27
approx -9 - -18,9
approx -9 * -18,162
approx -9 / -18,0.5
approx -9 + -17,-26
approx -9 - -17,8
approx -9 * -17,153
approx -9 / -17,0.5294117647058824
approx -9 + -16,-25
approx -9 - -16,7
approx -9 * -16,144
approx -9 / -16,0.5625
approx -9 + -15,-24
approx -9 - -15,6
approx -9 * -15,135
approx -9 / -15,0.6
approx -9 + -14,-23
approx -9 - -14,5
approx -9 * -14,126
approx -9 / -14,0.6428571428571429
approx -9 + -13,-22
approx -9 - -13,4
approx -9 * -13,117
approx -9 / -13,0.6923076923076923
approx -9 + -12,-21
approx -9 - -12,3
approx -9 * -12,108
approx -9 / -12,0.75
approx -9 + -11,-20
approx -9 - -11,2
approx -9 * -11,99
approx -9 / -11,0.8181818181818182
approx -9 + -10,-19
approx -9 - -10,1
approx -9 * -10,90
approx -9 / -10,0.9
approx -9 + -9,-18
approx -9 - -9,0
approx -9 * -9,81
approx -9 / -9,1.0
approx -9 + -8,-17
approx -9 - -8,-1
approx -9 * -8,72
approx -9 / -8,1.125
approx -9 + -7,-16
approx -9 - -7,-2
approx -9 * -7,63
approx -9 / -7,1.2857142857142858
approx -9 + -6,-15
approx -9 - -6,-3
approx -9 * -6,54
approx -9 / -6,1.5
approx -9 + -5,-14
approx -9 - -5,-4
approx -9 * -5,45
approx -9 / -5,1.8
approx -9 + -4,-13
approx -9 - -4,-5
approx -9 * -4,36
approx -9 / -4,2.25
approx -9 + -3,-12
approx -9 - -3,-6
approx -9 * -3,27
approx -9 / -3,3.0
approx -9 + -2,-11
approx -9 - -2,-7
approx -9 * -2,18
approx -9 / -2,4.5
approx -9 + -1,-10
approx -9 - -1,-8
approx -9 * -1,9
approx -9 / -1,9.0
approx -9 + 0,-9
approx -9 - 0,-9
approx -9 * 0,0
approx -9 + 1,-8
approx -9 - 1,-10
approx -9 * 1,-9
approx -9 / 1,-9.0
approx -9 + 2,-7
approx -9 - 2,-11
approx -9 * 2,-18
approx -9 / 2,-4.5
approx -9 + 3,-6
approx -9 - 3,-12
approx -9 * 3,-27
approx -9 / 3,-3.0
approx -9 + 4,-5
approx -9 - 4,-13
approx -9 * 4,-36
approx -9 / 4,-2.25
approx -9 + 5,-4
approx -9 - 5,-14
approx -9 * 5,-45
approx -9 / 5,-1.8
approx -9 + 6,-3
approx -9 - 6,-15
approx -9 * 6,-54
approx -9 / 6,-1.5
approx -9 + 7,-2
approx -9 - 7,-16
approx -9 * 7,-63
approx -9 / 7,-1.2857142857142858
approx -9 + 8,-1
approx -9 - 8,-17
approx -9 * 8,-72
approx -9 / 8,-1.125
approx -9 + 9,0
approx -9 - 9,-18
approx -9 * 9,-81
approx -9 / 9,-1.0
approx -9 + 10,1
approx -9 - 10,-19
approx -9 * 10,-90
approx -9 / 10,-0.9
approx -9 + 11,2
approx -9 - 11,-20
approx -9 * 11,-99
approx -9 / 11,-0.8181818181818182
approx -9 + 12,3
approx -9 - 12,-21
approx -9 * 12,-108
approx -9 / 12,-0.75
approx -9 + 13,4
approx -9 - 13,-22
approx -9 * 13,-117
approx -9 / 13,-0.6923076923076923
approx -9 + 14,5
approx -9 - 14,-23
approx -9 * 14,-126
approx -9 / 14,-0.6428571428571429
approx -9 + 15,6
approx -9 - 15,-24
approx -9 * 15,-135
approx -9 / 15,-0.6
approx -9 + 16,7
approx -9 - 16,-25
approx -9 * 16,-144
approx -9 / 16,-0.5625
approx -9 + 17,8
approx -9 - 17,-26
approx -9 * 17,-153
approx -9 / 17,-0.5294117647058824
approx -9 + 18,9
approx -9 - 18,-27
approx -9 * 18,-162
approx -9 / 18,-0.5
approx -9 + 19,10
approx -9 - 19,-28
approx -9 * 19,-171
approx -9 / 19,-0.47368421052631576
approx -9 + 20,11
approx -9 - 20,-29
approx -9 * 20,-180
approx -9 / 20,-0.45
approx -8 + -20,-28
approx -8 - -20,12
approx -8 * -20,160
approx -8 / -20,0.4
approx -8 + -19,-27
approx -8 - -19,11
approx -8 * -19,152
approx -8 / -19,0.42105263157894735
approx -8 + -18,-26
approx -8 - -18,10
approx -8 * -18,144
approx -8 / -18,0.4444444444444444
approx -8 + -17,-25
approx -8 - -17,9
approx -8 * -17,136
approx -8 / -17,0.47058823529411764
approx -8 + -16,-24
approx -8 - -16,8
approx -8 * -16,128
approx -8 / -16,0.5
approx -8 + -15,-23
approx -8 - -15,7
approx -8 * -15,120
approx -8 / -15,0.5333333333333333
approx -8 + -14,-22
approx -8 - -14,6
approx -8 * -14,112
approx -8 / -14,0.5714285714285714
approx -8 + -13,-21
approx -8 - -13,5
approx -8 * -13,104
approx -8 / -13,0.6153846153846154
approx -8 + -12,-20
approx -8 - -12,4
approx -8 * -12,96
approx -8 / -12,0.6666666666666666
approx -8 + -11,-19
approx -8 - -11,3
approx -8 * -11,88
approx -8 / -11,0.7272727272727273
approx -8 + -10,-18
approx -8 - -10,2
approx -8 * -10,80
approx -8 / -10,0.8
approx -8 + -9,-17
approx -8 - -9,1
approx -8 * -9,72
approx -8 / -9,0.8888888888888888
approx -8 + -8,-16
approx -8 - -8,0
approx -8 * -8,64
approx -8 / -8,1.0
approx -8 + -7,-15
approx -8 - -7,-1
approx -8 * -7,56
approx -8 / -7,1.1428571428571428
approx -8 + -6,-14
approx -8 - -6,-2
approx -8 * -6,48
approx -8 / -6,1.3333333333333333
approx -8 + -5,-13
approx -8 - -5,-3
approx -8 * -5,40
approx -8 / -5,1.6
approx -8 + -4,-12
approx -8 - -4,-4
approx -8 * -4,32
approx -8 / -4,2.0
approx -8 + -3,-11
approx -8 - -3,-5
approx -8 * -3,24
approx -8 / -3,2.6666666666666665
approx -8 + -2,-10
approx -8 - -2,-6
approx -8 * -2,16
approx -8 / -2,4.0
approx -8 + -1,-9
approx -8 - -1,-7
approx -8 * -1,8
approx -8 / -1,8.0
approx -8 + 0,-8
approx -8 - 0,-8
approx -8 * 0,0
approx -8 + 1,-7
approx -8 - 1,-9
approx -8 * 1,-8
approx -8 / 1,-8.0
approx -8 + 2,-6
approx -8 - 2,-10
approx -8 * 2,-16
approx -8 / 2,-4.0
approx -8 + 3,-5
approx -8 - 3,-11
approx -8 * 3,-24
approx -8 / 3,-2.6666666666666665
approx -8 + 4,-4
approx -8 - 4,-12
approx -8 * 4,-32
approx -8 / 4,-2.0
approx -8 + 5,-3
approx -8 - 5,-13
approx -8 * 5,-40
approx -8 / 5,-1.6
approx -8 + 6,-2
approx -8 - 6,-14
approx -8 * 6,-48
approx -8 / 6,-1.3333333333333333
approx -8 + 7,-1
approx -8 - 7,-15
approx -8 * 7,-56
approx -8 / 7,-1.1428571428571428
approx -8 + 8,0
approx -8 - 8,-16
approx -8 * 8,-64
approx -8 / 8,-1.0
approx -8 + 9,1
approx -8 - 9,-17
approx -8 * 9,-72
approx -8 / 9,-0.8888888888888888
approx -8 + 10,2
approx -8 - 10,-18
approx -8 * 10,-80
approx -8 / 10,-0.8
approx -8 + 11,3
approx -8 - 11,-19
approx -8 * 11,-88
approx -8 / 11,-0.7272727272727273
approx -8 + 12,4
approx -8 - 12,-20
approx -8 * 12,-96
approx -8 / 12,-0.6666666666666666
approx -8 + 13,5
approx -8 - 13,-21
approx -8 * 13,-104
approx -8 / 13,-0.6153846153846154
approx -8 + 14,6
approx -8 - 14,-22
approx -8 * 14,-112
approx -8 / 14,-0.5714285714285714
approx -8 + 15,7
approx -8 - 15,-23
approx -8 * 15,-120
approx -8 / 15,-0.5333333333333333
approx -8 + 16,8
approx -8 - 16,-24
approx -8 * 16,-128
approx -8 / 16,-0.5
approx -8 + 17,9
approx -8 - 17,-25
approx -8 * 17,-136
approx -8 / 17,-0.47058823529411764
approx -8 + 18,10
approx -8 - 18,-26
approx -8 * 18,-144
approx -8 / 18,-0.4444444444444444
approx -8 + 19,11
approx -8 - 19,-27
approx -8 * 19,-152
approx -8 / 19,-0.42105263157894735
approx -8 + 20,12
approx -8 - 20,-28
approx -8 * 20,-160
approx -8 / 20,-0.4
approx -7 + -20,-27
approx -7 - -20,13
approx -7 * -20,140
approx -7 / -20,0.35
approx -7 + -19,-26
approx -7 - -19,12
approx -7 * -19,133
approx -7 / -19,0.3684210526315789
approx -7 + -18,-25
approx -7 - -18,11
approx -7 * -18,126
approx -7 / -18,0.3888888888888889
approx -7 + -17,-24
approx -7 - -17,10
approx -7 * -17,119
approx -7 / -17,0.4117647058823529
approx -7 + -16,-23
approx -7 - -16,9
approx -7 * -16,112
approx -7 / -16,0.4375
approx -7 + -15,-22
approx -7 - -15,8
approx -7 * -15,105
approx -7 / -15,0.4666666666666667
approx -7 + -14,-21
approx -7 - -14,7
approx -7 * -14,98
approx -7 / -14,0.5
approx -7 + -13,-20
approx -7 - -13,6
approx -7 * -13,91
approx -7 / -13,0.5384615384615384
approx -7 + -12,-19
approx -7 - -12,5
approx -7 * -12,84
approx -7 / -12,0.5833333333333334
approx -7 + -11,-18
approx -7 - -11,4
approx -7 * -11,77
approx -7 / -11,0.6363636363636364
approx -7 + -10,-17
approx -7 - -10,3
approx -7 * -10,70
approx -7 / -10,0.7
approx -7 + -9,-16
approx -7 - -9,2
approx -7 * -9,63
approx -7 / -9,0.7777777777777778
approx -7 + -8,-15
approx -7 - -8,1
approx -7 * -8,56
approx -7 / -8,0.875
approx -7 + -7,-14
approx -7 - -7,0
approx -7 * -7,49
approx -7 / -7,1.0
approx -7 + -6,-13
approx -7 - -6,-1
approx -7 * -6,42
approx -7 / -6,1.1666666666666667
approx -7 + -5,-12
approx -7 - -5,-2
approx -7 * -5,35
approx -7 / -5,1.4
approx -7 + -4,-11
approx -7 - -4,-3
approx -7 * -4,28
approx -7 / -4,1.75
approx -7 + -3,-10
approx -7 - -3,-4
approx -7 * -3,21
approx -7 / -3,2.3333333333333335
approx -7 + -2,-9
approx -7 - -2,-5
approx -7 * -2,14
approx -7 / -2,3.5
approx -7 + -1,-8
approx -7 - -1,-6
approx -7 * -1,7
approx -7 / -1,7.0
approx -7 + 0,-7
approx -7 - 0,-7
approx -7 * 0,0
approx -7 + 1,-6
approx -7 - 1,-8
approx -7 * 1,-7
approx -7 / 1,-7.0
approx -7 + 2,-5
approx -7 - 2,-9
approx -7 * 2,-14
approx -7 / 2,-3.5
approx -7 + 3,-4
approx -7 - 3,-10
approx -7 * 3,-21
approx -7 / 3,-2.3333333333333335
approx -7 + 4,-3
approx -7 - 4,-11
approx -7 * 4,-28
approx -7 / 4,-1.75
approx -7 + 5,-2
approx -7 - 5,-12
approx -7 * 5,-35
approx -7 / 5,-1.4
approx -7 + 6,-1
approx -7 - 6,-13
approx -7 * 6,-42
approx -7 / 6,-1.1666666666666667
approx -7 + 7,0
approx -7 - 7,-14
approx -7 * 7,-49
approx -7 / 7,-1.0
approx -7 + 8,1
approx -7 - 8,-15
approx -7 * 8,-56
approx -7 / 8,-0.875
approx -7 + 9,2
approx -7 - 9,-16
approx -7 * 9,-63
approx -7 / 9,-0.7777777777777778
approx -7 + 10,3
approx -7 - 10,-17
approx -7 * 10,-70
approx -7 / 10,-0.7
approx -7 + 11,4
approx -7 - 11,-18
approx -7 * 11,-77
approx -7 / 11,-0.6363636363636364
approx -7 + 12,5
approx -7 - 12,-19
approx -7 * 12,-84
approx -7 / 12,-0.5833333333333334
approx -7 + 13,6
approx -7 - 13,-20
approx -7 * 13,-91
approx -7 / 13,-0.5384615384615384
approx -7 + 14,7
approx -7 - 14,-21
approx -7 * 14,-98
approx -7 / 14,-0.5
approx -7 + 15,8
approx -7 - 15,-22
approx -7 * 15,-105
approx -7 / 15,-0.4666666666666667
approx -7 + 16,9
approx -7 - 16,-23
approx -7 * 16,-112
approx -7 / 16,-0.4375
approx -7 + 17,10
approx -7 - 17,-24
approx -7 * 17,-119
approx -7 / 17,-0.4117647058823529
approx -7 + 18,11
approx -7 - 18,-25
approx -7 * 18,-126
approx -7 / 18,-0.3888888888888889
approx -7 + 19,12
approx -7 - 19,-26
approx -7 * 19,-133
approx -7 / 19,-0.3684210526315789
approx -7 + 20,13
approx -7 - 20,-27
approx -7 * 20,-140
approx -7 / 20,-0.35
approx -6 + -20,-26
approx -6 - -20,14
approx -6 * -20,120
approx -6 / -20,0.3
approx -6 + -19,-25
approx -6 - -19,13
approx -6 * -19,114
approx -6 / -19,0.3157894736842105
approx -6 + -18,-24
approx -6 - -18,12
approx -6 * -18,108
approx -6 / -18,0.3333333333333333
approx -6 + -17,-23
approx -6 - -17,11
approx -6 * -17,102
approx -6 / -17,0.35294117647058826
approx -6 + -16,-22
approx -6 - -16,10
approx -6 * -16,96
approx -6 / -16,0.375
approx -6 + -15,-21
approx -6 - -15,9
approx -6 * -15,90
approx -6 / -15,0.4
approx -6 + -14,-20
approx -6 - -14,8
approx -6 * -14,84
approx -6 / -14,0.42857142857142855
approx -6 + -13,-19
approx -6 - -13,7
approx -6 * -13,78
approx -6 / -13,0.46153846153846156
approx -6 + -12,-18
approx -6 - -12,6
approx -6 * -12,72
approx -6 / -12,0.5
approx -6 + -11,-17
approx -6 - -11,5
approx -6 * -11,66
approx -6 / -11,0.5454545454545454
approx -6 + -10,-16
approx -6 - -10,4
approx -6 * -10,60
approx -6 / -10,0.6
approx -6 + -9,-15
approx -6 - -9,3
approx -6 * -9,54
approx -6 / -9,0.6666666666666666
approx -6 + -8,-14
approx -6 - -8,2
approx -6 * -8,48
approx -6 / -8,0.75
approx -6 + -7,-13
approx -6 - -7,1
approx -6 * -7,42
approx -6 / -7,0.8571428571428571
approx -6 + -6,-12
approx -6 - -6,0
approx -6 * -6,36
approx -6 / -6,1.0
approx -6 + -5,-11
approx -6 - -5,-1
approx -6 * -5,30
approx -6 / -5,1.2
approx -6 + -4,-10
approx -6 - -4,-2
approx -6 * -4,24
approx -6 / -4,1.5
approx -6 + -3,-9
approx -6 - -3,-3
approx -6 * -3,18
approx -6 / -3,2.0
approx -6 + -2,-8
approx -6 - -2,-4
approx -6 * -2,12
approx -6 / -2,3.0
approx -6 + -1,-7
approx -6 - -1,-5
approx -6 * -1,6
approx -6 / -1,6.0
approx -6 + 0,-6
approx -6 - 0,-6
approx -6 * 0,0
approx -6 + 1,-5
approx -6 - 1,-7
approx -6 * 1,-6
approx -6 / 1,-6.0
approx -6 + 2,-4
approx -6 - 2,-8
approx -6 * 2,-12
approx -6 / 2,-3.0
approx -6 + 3,-3
approx -6 - 3,-9
approx -6 * 3,-18
approx -6 / 3,-2.0
approx -6 + 4,-2
approx -6 - 4,-10
approx -6 * 4,-24
approx -6 / 4,-1.5
approx -6 + 5,-1
approx -6 - 5,-11
approx -6 * 5,-30
approx -6 / 5,-1.2
approx -6 + 6,0
approx -6 - 6,-12
approx -6 * 6,-36
approx -6 / 6,-1.0
approx -6 + 7,1
approx -6 - 7,-13
approx -6 * 7,-42
approx -6 / 7,-0.8571428571428571
approx -6 + 8,2
approx -6 - 8,-14
approx -6 * 8,-48
approx -6 / 8,-0.75
approx -6 + 9,3
approx -6 - 9,-15
approx -6 * 9,-54
approx -6 / 9,-0.6666666666666666
approx -6 + 10,4
approx -6 - 10,-16
approx -6 * 10,-60
approx -6 / 10,-0.6
approx -6 + 11,5
approx -6 - 11,-17
approx -6 * 11,-66
approx -6 / 11,-0.5454545454545454
approx -6 + 12,6
approx -6 - 12,-18
approx -6 * 12,-72
approx -6 / 12,-0.5
approx -6 + 13,7
approx -6 - 13,-19
approx -6 * 13,-78
approx -6 / 13,-0.46153846153846156
approx -6 + 14,8
approx -6 - 14,-20
approx -6 * 14,-84
approx -6 / 14,-0.42857142857142855
approx -6 + 15,9
approx -6 - 15,-21
approx -6 * 15,-90
approx -6 / 15,-0.4
approx -6 + 16,10
approx -6 - 16,-22
approx -6 * 16,-96
approx -6 / 16,-0.375
approx -6 + 17,11
approx -6 - 17,-23
approx -6 * 17,-102
approx -6 / 17,-0.35294117647058826
approx -6 + 18,12
approx -6 - 18,-24
approx -6 * 18,-108
approx -6 / 18,-0.3333333333333333
approx -6 + 19,13
approx -6 - 19,-25
approx -6 * 19,-114
approx -6 / 19,-0.3157894736842105
approx -6 + 20,14
approx -6 - 20,-26
approx -6 * 20,-120
approx -6 / 20,-0.3
approx -5 + -20,-25
approx -5 - -20,15
approx -5 * -20,100
approx -5 / -20,0.25
approx -5 + -19,-24
approx -5 - -19,14
approx -5 * -19,95
approx -5 / -19,0.2631578947368421
approx -5 + -18,-23
approx -5 - -18,13
approx -5 * -18,90
approx -5 / -18,0.2777777777777778
approx -5 + -17,-22
approx -5 - -17,12
approx -5 * -17,85
approx -5 / -17,0.29411764705882354
approx -5 + -16,-21
approx -5 - -16,11
approx -5 * -16,80
approx -5 / -16,0.3125
approx -5 + -15,-20
approx -5 - -15,10
approx -5 * -15,75
approx -5 / -15,0.3333333333333333
approx -5 + -14,-19
approx -5 - -14,9
approx -5 * -14,70
approx -5 / -14,0.35714285714285715
approx -5 + -13,-18
approx -5 - -13,8
approx -5 * -13,65
approx -5 / -13,0.38461538461538464
approx -5 + -12,-17
approx -5 - -12,7
approx -5 * -12,60
approx -5 / -12,0.4166666666666667
approx -5 + -11,-16
approx -5 - -11,6
approx -5 * -11,55
approx -5 / -11,0.45454545454545453
approx -5 + -10,-15
approx -5 - -10,5
approx -5 * -10,50
approx -5 / -10,0.5
approx -5 + -9,-14
approx -5 - -9,4
approx -5 * -9,45
approx -5 / -9,0.5555555555555556
approx -5 + -8,-13
approx -5 - -8,3
approx -5 * -8,40
approx -5 / -8,0.625
approx -5 + -7,-12
approx -5 - -7,2
approx -5 * -7,35
approx -5 / -7,0.7142857142857143
approx -5 + -6,-11
approx -5 - -6,1
approx -5 * -6,30
approx -5 / -6,0.8333333333333334
approx -5 + -5,-10
approx -5 - -5,0
approx -5 * -5,25
approx -5 / -5,1.0
approx -5 + -4,-9
approx -5 - -4,-1
approx -5 * -4,20
approx -5 / -4,1.25
approx -5 + -3,-8
approx -5 - -3,-2
approx -5 * -3,15
approx -5 / -3,1.6666666666666667
approx -5 + -2,-7
approx -5 - -2,-3
approx -5 * -2,10
approx -5 / -2,2.5
approx -5 + -1,-6
approx -5 - -1,-4
approx -5 * -1,5
approx -5 / -1,5.0
approx -5 + 0,-5
approx -5 - 0,-5
approx -5 * 0,0
approx -5 + 1,-4
approx -5 - 1,-6
approx -5 * 1,-5
approx -5 / 1,-5.0
approx -5 + 2,-3
approx -5 - 2,-7
approx -5 * 2,-10
approx -5 / 2,-2.5
approx -5 + 3,-2
approx -5 - 3,-8
approx -5 * 3,-15
approx -5 / 3,-1.6666666666666667
approx -5 + 4,-1
approx -5 - 4,-9
approx -5 * 4,-20
approx -5 / 4,-1.25
approx -5 + 5,0
approx -5 - 5,-10
approx -5 * 5,-25
approx -5 / 5,-1.0
approx -5 + 6,1
approx -5 - 6,-11
approx -5 * 6,-30
approx -5 / 6,-0.8333333333333334
approx -5 + 7,2
approx -5 - 7,-12
approx -5 * 7,-35
approx -5 / 7,-0.7142857142857143
approx -5 + 8,3
approx -5 - 8,-13
approx -5 * 8,-40
approx -5 / 8,-0.625
approx -5 + 9,4
approx -5 - 9,-14
approx -5 * 9,-45
approx -5 / 9,-0.5555555555555556
approx -5 + 10,5
approx -5 - 10,-15
approx -5 * 10,-50
approx -5 / 10,-0.5
approx -5 + 11,6
approx -5 - 11,-16
approx -5 * 11,-55
approx -5 / 11,-0.45454545454545453
approx -5 + 12,7
approx -5 - 12,-17
approx -5 * 12,-60
approx -5 / 12,-0.4166666666666667
approx -5 + 13,8
approx -5 - 13,-18
approx -5 * 13,-65
approx -5 / 13,-0.38461538461538464
approx -5 + 14,9
approx -5 - 14,-19
approx -5 * 14,-70
approx -5 / 14,-0.35714285714285715
approx -5 + 15,10
approx -5 - 15,-20
approx -5 * 15,-75
approx -5 / 15,-0.3333333333333333
approx -5 + 16,11
approx -5 - 16,-21
approx -5 * 16,-80
approx -5 / 16,-0.3125
approx -5 + 17,12
approx -5 - 17,-22
approx -5 * 17,-85
approx -5 / 17,-0.29411764705882354
approx -5 + 18,13
approx -5 - 18,-23
approx -5 * 18,-90
approx -5 / 18,-0.2777777777777778
approx -5 + 19,14
approx -5 - 19,-24
approx -5 * 19,-95
approx -5 / 19,-0.2631578947368421
approx -5 + 20,15
approx -5 - 20,-25
approx -5 * 20,-100
approx -5 / 20,-0.25
approx -4 + -20,-24
approx -4 - -20,16
approx -4 * -20,80
approx -4 / -20,0.2
approx -4 + -19,-23
approx -4 - -19,15
approx -4 * -19,76
approx -4 / -19,0.21052631578947367
approx -4 + -18,-22
approx -4 - -18,14
approx -4 * -18,72
approx -4 / -18,0.2222222222222222
approx -4 + -17,-21
approx -4 - -17,13
approx -4 * -17,68
approx -4 / -17,0.23529411764705882
approx -4 + -16,-20
approx -4 - -16,12
approx -4 * -16,64
approx -4 / -16,0.25
approx -4 + -15,-19
approx -4 - -15,11
approx -4 * -15,60
approx -4 / -15,0.26666666666666666
approx -4 + -14,-18
approx -4 - -14,10
approx -4 * -14,56
approx -4 / -14,0.2857142857142857
approx -4 + -13,-17
approx -4 - -13,9
approx -4 * -13,52
approx -4 / -13,0.3076923076923077
approx -4 + -12,-16
approx -4 - -12,8
approx -4 * -12,48
approx -4 / -12,0.3333333333333333
approx -4 + -11,-15
approx -4 - -11,7
approx -4 * -11,44
approx -4 / -11,0.36363636363636365
approx -4 + -10,-14
approx -4 - -10,6
approx -4 * -10,40
approx -4 / -10,0.4
approx -4 + -9,-13
approx -4 - -9,5
approx -4 * -9,36
approx -4 / -9,0.4444444444444444
approx -4 + -8,-12
approx -4 - -8,4
approx -4 * -8,32
approx -4 / -8,0.5
approx -4 + -7,-11
approx -4 - -7,3
approx -4 * -7,28
approx -4 / -7,0.5714285714285714
approx -4 + -6,-10
approx -4 - -6,2
approx -4 * -6,24
approx -4 / -6,0.6666666666666666
approx -4 + -5,-9
approx -4 - -5,1
approx -4 * -5,20
approx -4 / -5,0.8
approx -4 + -4,-8
approx -4 - -4,0
approx -4 * -4,16
approx -4 / -4,1.0
approx -4 + -3,-7
approx -4 - -3,-1
approx -4 * -3,12
approx -4 / -3,1.3333333333333333
approx -4 + -2,-6
approx -4 - -2,-2
approx -4 * -2,8
approx -4 / -2,2.0
approx -4 + -1,-5
approx -4 - -1,-3
approx -4 * -1,4
approx -4 / -1,4.0
approx -4 + 0,-4
approx -4 - 0,-4
approx -4 * 0,0
approx -4 + 1,-3
approx -4 - 1,-5
approx -4 * 1,-4
approx -4 / 1,-4.0
approx -4 + 2,-2
approx -4 - 2,-6
approx -4 * 2,-8
approx -4 / 2,-2.0
approx -4 + 3,-1
approx -4 - 3,-7
approx -4 * 3,-12
approx -4 / 3,-1.3333333333333333
approx -4 + 4,0
approx -4 - 4,-8
approx -4 * 4,-16
approx -4 / 4,-1.0
approx -4 + 5,1
approx -4 - 5,-9
approx -4 * 5,-20
approx -4 / 5,-0.8
approx -4 + 6,2
approx -4 - 6,-10
approx -4 * 6,-24
approx -4 / 6,-0.6666666666666666
approx -4 + 7,3
approx -4 - 7,-11
approx -4 * 7,-28
approx -4 / 7,-0.5714285714285714
approx -4 + 8,4
approx -4 - 8,-12
approx -4 * 8,-32
approx -4 / 8,-0.5
approx -4 + 9,5
approx -4 - 9,-13
approx -4 * 9,-36
approx -4 / 9,-0.4444444444444444
approx -4 + 10,6
approx -4 - 10,-14
approx -4 * 10,-40
approx -4 / 10,-0.4
approx -4 + 11,7
approx -4 - 11,-15
approx -4 * 11,-44
approx -4 / 11,-0.36363636363636365
approx -4 + 12,8
approx -4 - 12,-16
approx -4 * 12,-48
approx -4 / 12,-0.3333333333333333
approx -4 + 13,9
approx -4 - 13,-17
approx -4 * 13,-52
approx -4 / 13,-0.3076923076923077
approx -4 + 14,10
approx -4 - 14,-18
approx -4 * 14,-56
approx -4 / 14,-0.2857142857142857
approx -4 + 15,11
approx -4 - 15,-19
approx -4 * 15,-60
approx -4 / 15,-0.26666666666666666
approx -4 + 16,12
approx -4 - 16,-20
approx -4 * 16,-64
approx -4 / 16,-0.25
approx -4 + 17,13
approx -4 - 17,-21
approx -4 * 17,-68
approx -4 / 17,-0.23529411764705882
approx -4 + 18,14
approx -4 - 18,-22
approx -4 * 18,-72
approx -4 / 18,-0.2222222222222222
approx -4 + 19,15
approx -4 - 19,-23
approx -4 * 19,-76
approx -4 / 19,-0.21052631578947367
approx -4 + 20,16
approx -4 - 20,-24
approx -4 * 20,-80
approx -4 / 20,-0.2
approx -3 + -20,-23
approx -3 - -20,17
approx -3 * -20,60
approx -3 / -20,0.15
approx -3 + -19,-22
approx -3 - -19,16
approx -3 * -19,57
approx -3 / -19,0.15789473684210525
approx -3 + -18,-21
approx -3 - -18,15
approx -3 * -18,54
approx -3 / -18,0.16666666666666666
approx -3 + -17,-20
approx -3 - -17,14
approx -3 * -17,51
approx -3 / -17,0.17647058823529413
approx -3 + -16,-19
approx -3 - -16,13
approx -3 * -16,48
approx -3 / -16,0.1875
approx -3 + -15,-18
approx -3 - -15,12
approx -3 * -15,45
approx -3 / -15,0.2
approx -3 + -14,-17
approx -3 - -14,11
approx -3 * -14,42
approx -3 / -14,0.21428571428571427
approx -3 + -13,-16
approx -3 - -13,10
approx -3 * -13,39
approx -3 / -13,0.23076923076923078
approx -3 + -12,-15
approx -3 - -12,9
approx -3 * -12,36
approx -3 / -12,0.25
approx -3 + -11,-14
approx -3 - -11,8
approx -3 * -11,33
approx -3 / -11,0.2727272727272727
approx -3 + -10,-13
approx -3 - -10,7
approx -3 * -10,30
approx -3 / -10,0.3
approx -3 + -9,-12
approx -3 - -9,6
approx -3 * -9,27
approx -3 / -9,0.3333333333333333
approx -3 + -8,-11
approx -3 - -8,5
approx -3 * -8,24
approx -3 / -8,0.375
approx -3 + -7,-10
approx -3 - -7,4
approx -3 * -7,21
approx -3 / -7,0.42857142857142855
approx -3 + -6,-9
approx -3 - -6,3
approx -3 * -6,18
approx -3 / -6,0.5
approx -3 + -5,-8
approx -3 - -5,2
approx -3 * -5,15
approx -3 / -5,0.6
approx -3 + -4,-7
approx -3 - -4,1
approx -3 * -4,12
approx -3 / -4,0.75
approx -3 + -3,-6
approx -3 - -3,0
approx -3 * -3,9
approx -3 / -3,1.0
approx -3 + -2,-5
approx -3 - -2,-1
approx -3 * -2,6
approx -3 / -2,1.5
approx -3 + -1,-4
approx -3 - -1,-2
approx -3 * -1,3
approx -3 / -1,3.0
approx -3 + 0,-3
approx -3 - 0,-3
approx -3 * 0,0
approx -3 + 1,-2
approx -3 - 1,-4
approx -3 * 1,-3
approx -3 / 1,-3.0
approx -3 + 2,-1
approx -3 - 2,-5
approx -3 * 2,-6
approx -3 / 2,-1.5
approx -3 + 3,0
approx -3 - 3,-6
approx -3 * 3,-9
approx -3 / 3,-1.0
approx -3 + 4,1
approx -3 - 4,-7
approx -3 * 4,-12
approx -3 / 4,-0.75
approx -3 + 5,2
approx -3 - 5,-8
approx -3 * 5,-15
approx -3 / 5,-0.6
approx -3 + 6,3
approx -3 - 6,-9
approx -3 * 6,-18
approx -3 / 6,-0.5
approx -3 + 7,4
approx -3 - 7,-10
approx -3 * 7,-21
approx -3 / 7,-0.42857142857142855
approx -3 + 8,5
approx -3 - 8,-11
approx -3 * 8,-24
approx -3 / 8,-0.375
approx -3 + 9,6
approx -3 - 9,-12
approx -3 * 9,-27
approx -3 / 9,-0.3333333333333333
approx -3 + 10,7
approx -3 - 10,-13
approx -3 * 10,-30
approx -3 / 10,-0.3
approx -3 + 11,8
approx -3 - 11,-14
approx -3 * 11,-33
approx -3 / 11,-0.2727272727272727
approx -3 + 12,9
approx -3 - 12,-15
approx -3 * 12,-36
approx -3 / 12,-0.25
approx -3 + 13,10
approx -3 - 13,-16
approx -3 * 13,-39
approx -3 / 13,-0.23076923076923078
approx -3 + 14,11
approx -3 - 14,-17
approx -3 * 14,-42
approx -3 / 14,-0.21428571428571427
approx -3 + 15,12
approx -3 - 15,-18
approx -3 * 15,-45
approx -3 / 15,-0.2
approx -3 + 16,13
approx -3 - 16,-19
approx -3 * 16,-48
approx -3 / 16,-0.1875
approx -3 + 17,14
approx -3 - 17,-20
approx -3 * 17,-51
approx -3 / 17,-0.17647058823529413
approx -3 + 18,15
approx -3 - 18,-21
approx -3 * 18,-54
approx -3 / 18,-0.16666666666666666
approx -3 + 19,16
approx -3 - 19,-22
approx -3 * 19,-57
approx -3 / 19,-0.15789473684210525
approx -3 + 20,17
approx -3 - 20,-23
approx -3 * 20,-60
approx -3 / 20,-0.15
approx -2 + -20,-22
approx -2 - -20,18
approx -2 * -20,40
approx -2 / -20,0.1
approx -2 + -19,-21
approx -2 - -19,17
approx -2 * -19,38
approx -2 / -19,0.10526315789473684
approx -2 + -18,-20
approx -2 - -18,16
approx -2 * -18,36
approx -2 / -18,0.1111111111111111
approx -2 + -17,-19
approx -2 - -17,15
approx -2 * -17,34
approx -2 / -17,0.11764705882352941
approx -2 + -16,-18
approx -2 - -16,14
approx -2 * -16,32
approx -2 / -16,0.125
approx -2 + -15,-17
approx -2 - -15,13
approx -2 * -15,30
approx -2 / -15,0.13333333333333333
approx -2 + -14,-16
approx -2 - -14,12
approx -2 * -14,28
approx -2 / -14,0.14285714285714285
approx -2 + -13,-15
approx -2 - -13,11
approx -2 * -13,26
approx -2 / -13,0.15384615384615385
approx -2 + -12,-14
approx -2 - -12,10
approx -2 * -12,24
approx -2 / -12,0.16666666666666666
approx -2 + -11,-13
approx -2 - -11,9
approx -2 * -11,22
approx -2 / -11,0.18181818181818182
approx -2 + -10,-12
approx -2 - -10,8
approx -2 * -10,20
approx -2 / -10,0.2
approx -2 + -9,-11
approx -2 - -9,7
approx -2 * -9,18
approx -2 / -9,0.2222222222222222
approx -2 + -8,-10
approx -2 - -8,6
approx -2 * -8,16
approx -2 / -8,0.25
approx -2 + -7,-9
approx -2 - -7,5
approx -2 * -7,14
approx -2 / -7,0.2857142857142857
approx -2 + -6,-8
approx -2 - -6,4
approx -2 * -6,12
approx -2 / -6,0.3333333333333333
approx -2 + -5,-7
approx -2 - -5,3
approx -2 * -5,10
approx -2 / -5,0.4
approx -2 + -4,-6
approx -2 - -4,2
approx -2 * -4,8
approx -2 / -4,0.5
approx -2 + -3,-5
approx -2 - -3,1
approx -2 * -3,6
approx -2 / -3,0.6666666666666666
approx -2 + -2,-4
approx -2 - -2,0
approx -2 * -2,4
approx -2 / -2,1.0
approx -2 + -1,-3
approx -2 - -1,-1
approx -2 * -1,2
approx -2 / -1,2.0
approx -2 + 0,-2
approx -2 - 0,-2
approx -2 * 0,0
approx -2 + 1,-1
approx -2 - 1,-3
approx -2 * 1,-2
approx -2 / 1,-2.0
approx -2 + 2,0
approx -2 - 2,-4
approx -2 * 2,-4
approx -2 / 2,-1.0
approx -2 + 3,1
approx -2 - 3,-5
approx -2 * 3,-6
approx -2 / 3,-0.6666666666666666
approx -2 + 4,2
approx -2 - 4,-6
approx -2 * 4,-8
approx -2 / 4,-0.5
approx -2 + 5,3
approx -2 - 5,-7
approx -2 * 5,-10
approx -2 / 5,-0.4
approx -2 + 6,4
approx -2 - 6,-8
approx -2 * 6,-12
approx -2 / 6,-0.3333333333333333
approx -2 + 7,5
approx -2 - 7,-9
approx -2 * 7,-14
approx -2 / 7,-0.2857142857142857
approx -2 + 8,6
approx -2 - 8,-10
approx -2 * 8,-16
approx -2 / 8,-0.25
approx -2 + 9,7
approx -2 - 9,-11
approx -2 * 9,-18
approx -2 / 9,-0.2222222222222222
approx -2 + 10,8
approx -2 - 10,-12
approx -2 * 10,-20
approx -2 / 10,-0.2
approx -2 + 11,9
approx -2 - 11,-13
approx -2 * 11,-22
approx -2 / 11,-0.18181818181818182
approx -2 + 12,10
approx -2 - 12,-14
approx -2 * 12,-24
approx -2 / 12,-0.16666666666666666
approx -2 + 13,11
approx -2 - 13,-15
approx -2 * 13,-26
approx -2 / 13,-0.15384615384615385
approx -2 + 14,12
approx -2 - 14,-16
approx -2 * 14,-28
approx -2 / 14,-0.14285714285714285
approx -2 + 15,13
approx -2 - 15,-17
approx -2 * 15,-30
approx -2 / 15,-0.13333333333333333
approx -2 + 16,14
approx -2 - 16,-18
approx -2 * 16,-32
approx -2 / 16,-0.125
approx -2 + 17,15
approx -2 - 17,-19
approx -2 * 17,-34
approx -2 / 17,-0.11764705882352941
approx -2 + 18,16
approx -2 - 18,-20
approx -2 * 18,-36
approx -2 / 18,-0.1111111111111111
approx -2 + 19,17
approx -2 - 19,-21
approx -2 * 19,-38
approx -2 / 19,-0.10526315789473684
approx -2 + 20,18
approx -2 - 20,-22
approx -2 * 20,-40
approx -2 / 20,-0.1
approx -1 + -20,-21
approx -1 - -20,19
approx -1 * -20,20
approx -1 / -20,0.05
approx -1 + -19,-20
approx -1 - -19,18
approx -1 * -19,19
approx -1 / -19,0.05263157894736842
approx -1 + -18,-19
approx -1 - -18,17
approx -1 * -18,18
approx -1 / -18,0.05555555555555555
approx -1 + -17,-18
approx -1 - -17,16
approx -1 * -17,17
approx -1 / -17,0.058823529411764705
approx -1 + -16,-17
approx -1 - -16,15
approx -1 * -16,16
approx -1 / -16,0.0625
approx -1 + -15,-16
approx -1 - -15,14
approx -1 * -15,15
approx -1 / -15,0.06666666666666667
approx -1 + -14,-15
approx -1 - -14,13
approx -1 * -14,14
approx -1 / -14,0.07142857142857142
approx -1 + -13,-14
approx -1 - -13,12
approx -1 * -13,13
approx -1 / -13,0.07692307692307693
approx -1 + -12,-13
approx -1 - -12,11
approx -1 * -12,12
approx -1 / -12,0.08333333333333333
approx -1 + -11,-12
approx -1 - -11,10
approx -1 * -11,11
approx -1 / -11,0.09090909090909091
approx -1 + -10,-11
approx -1 - -10,9
approx -1 * -10,10
approx -1 / -10,0.1
approx -1 + -9,-10
approx -1 - -9,8
approx -1 * -9,9
approx -1 / -9,0.1111111111111111
approx -1 + -8,-9
approx -1 - -8,7
approx -1 * -8,8
approx -1 / -8,0.125
approx -1 + -7,-8
approx -1 - -7,6
approx -1 * -7,7
approx -1 / -7,0.14285714285714285
approx -1 + -6,-7
approx -1 - -6,5
approx -1 * -6,6
approx -1 / -6,0.16666666666666666
approx -1 + -5,-6
approx -1 - -5,4
approx -1 * -5,5
approx -1 / -5,0.2
approx -1 + -4,-5
approx -1 - -4,3
approx -1 * -4,4
approx -1 / -4,0.25
approx -1 + -3,-4
approx -1 - -3,2
approx -1 * -3,3
approx -1 / -3,0.3333333333333333
approx -1 + -2,-3
approx -1 - -2,1
approx -1 * -2,2
approx -1 / -2,0.5
approx -1 + -1,-2
approx -1 - -1,0
approx -1 * -1,1
approx -1 / -1,1.0
approx -1 + 0,-1
approx -1 - 0,-1
approx -1 * 0,0
approx -1 + 1,0
approx -1 - 1,-2
approx -1 * 1,-1
approx -1 / 1,-1.0
approx -1 + 2,1
approx -1 - 2,-3
approx -1 * 2,-2
approx -1 / 2,-0.5
approx -1 + 3,2
approx -1 - 3,-4
approx -1 * 3,-3
approx -1 / 3,-0.3333333333333333
approx -1 + 4,3
approx -1 - 4,-5
approx -1 * 4,-4
approx -1 / 4,-0.25
approx -1 + 5,4
approx -1 - 5,-6
approx -1 * 5,-5
approx -1 / 5,-0.2
approx -1 + 6,5
approx -1 - 6,-7
approx -1 * 6,-6
approx -1 / 6,-0.16666666666666666
approx -1 + 7,6
approx -1 - 7,-8
approx -1 * 7,-7
approx -1 / 7,-0.14285714285714285
approx -1 + 8,7
approx -1 - 8,-9
approx -1 * 8,-8
approx -1 / 8,-0.125
approx -1 + 9,8
approx -1 - 9,-10
approx -1 * 9,-9
approx -1 / 9,-0.1111111111111111
approx -1 + 10,9
approx -1 - 10,-11
approx -1 * 10,-10
approx -1 / 10,-0.1
approx -1 + 11,10
approx -1 - 11,-12
approx -1 * 11,-11
approx -1 / 11,-0.09090909090909091
approx -1 + 12,11
approx -1 - 12,-13
approx -1 * 12,-12
approx -1 / 12,-0.08333333333333333
approx -1 + 13,12
approx -1 - 13,-14
approx -1 * 13,-13
approx -1 / 13,-0.07692307692307693
approx -1 + 14,13
approx -1 - 14,-15
approx -1 * 14,-14
approx -1 / 14,-0.07142857142857142
approx -1 + 15,14
approx -1 - 15,-16
approx -1 * 15,-15
approx -1 / 15,-0.06666666666666667
approx -1 + 16,15
approx -1 - 16,-17
approx -1 * 16,-16
approx -1 / 16,-0.0625
approx -1 + 17,16
approx -1 - 17,-18
approx -1 * 17,-17
approx -1 / 17,-0.058823529411764705
approx -1 + 18,17
approx -1 - 18,-19
approx -1 * 18,-18
approx -1 / 18,-0.05555555555555555
approx -1 + 19,18
approx -1 - 19,-20
approx -1 * 19,-19
approx -1 / 19,-0.05263157894736842
approx -1 + 20,19
approx -1 - 20,-21
approx -1 * 20,-20
approx -1 / 20,-0.05
approx 0 + -20,-20
approx 0 - -20,20
approx 0 * -20,0
approx 0 / -20,-0.0
approx 0 + -19,-19
approx 0 - -19,19
approx 0 * -19,0
approx 0 / -19,-0.0
approx 0 + -18,-18
approx 0 - -18,18
approx 0 * -18,0
approx 0 / -18,-0.0
approx 0 + -17,-17
approx 0 - -17,17
approx 0 * -17,0
approx 0 / -17,-0.0
approx 0 + -16,-16
approx 0 - -16,16
approx 0 * -16,0
approx 0 / -16,-0.0
approx 0 + -15,-15
approx 0 - -15,15
approx 0 * -15,0
approx 0 / -15,-0.0
approx 0 + -14,-14
approx 0 - -14,14
approx 0 * -14,0
approx 0 / -14,-0.0
approx 0 + -13,-13
approx 0 - -13,13
approx 0 * -13,0
approx 0 / -13,-0.0
approx 0 + -12,-12
approx 0 - -12,12
approx 0 * -12,0
approx 0 / -12,-0.0
approx 0 + -11,-11
approx 0 - -11,11
approx 0 * -11,0
approx 0 / -11,-0.0
approx 0 + -10,-10
approx 0 - -10,10
approx 0 * -10,0
approx 0 / -10,-0.0
approx 0 + -9,-9
approx 0 - -9,9
approx 0 * -9,0
approx 0 / -9,-0.0
approx 0 + -8,-8
approx 0 - -8,8
approx 0 * -8,0
approx 0 / -8,-0.0
approx 0 + -7,-7
approx 0 - -7,7
approx 0 * -7,0
approx 0 / -7,-0.0
approx 0 + -6,-6
approx 0 - -6,6
approx 0 * -6,0
approx 0 / -6,-0.0
approx 0 + -5,-5
approx 0 - -5,5
approx 0 * -5,0
approx 0 / -5,-0.0
approx 0 + -4,-4
approx 0 - -4,4
approx 0 * -4,0
approx 0 / -4,-0.0
approx 0 + -3,-3
approx 0 - -3,3
approx 0 * -3,0
approx 0 / -3,-0.0
approx 0 + -2,-2
approx 0 - -2,2
approx 0 * -2,0
approx 0 / -2,-0.0
approx 0 + -1,-1
approx 0 - -1,1
approx 0 * -1,0
approx 0 / -1,-0.0
approx 0 + 0,0
approx 0 - 0,0
approx 0 * 0,0
approx 0 + 1,1
approx 0 - 1,-1
approx 0 * 1,0
approx 0 / 1,0.0
approx 0 + 2,2
approx 0 - 2,-2
approx 0 * 2,0
approx 0 / 2,0.0
approx 0 + 3,3
approx 0 - 3,-3
approx 0 * 3,0
approx 0 / 3,0.0
approx 0 + 4,4
approx 0 - 4,-4
approx 0 * 4,0
approx 0 / 4,0.0
approx 0 + 5,5
approx 0 - 5,-5
approx 0 * 5,0
approx 0 / 5,0.0
approx 0 + 6,6
approx 0 - 6,-6
approx 0 * 6,0
approx 0 / 6,0.0
approx 0 + 7,7
approx 0 - 7,-7
approx 0 * 7,0
approx 0 / 7,0.0
approx 0 + 8,8
approx 0 - 8,-8
approx 0 * 8,0
approx 0 / 8,0.0
approx 0 + 9,9
approx 0 - 9,-9
approx 0 * 9,0
approx 0 / 9,0.0
approx 0 + 10,10
approx 0 - 10,-10
approx 0 * 10,0
approx 0 / 10,0.0
approx 0 + 11,11
approx 0 - 11,-11
approx 0 * 11,0
approx 0 / 11,0.0
approx 0 + 12,12
approx 0 - 12,-12
approx 0 * 12,0
approx 0 / 12,0.0
approx 0 + 13,13
approx 0 - 13,-13
approx 0 * 13,0
approx 0 / 13,0.0
approx 0 + 14,14
approx 0 - 14,-14
approx 0 * 14,0
approx 0 / 14,0.0
approx 0 + 15,15
approx 0 - 15,-15
approx 0 * 15,0
approx 0 / 15,0.0
approx 0 + 16,16
approx 0 - 16,-16
approx 0 * 16,0
approx 0 / 16,0.0
approx 0 + 17,17
approx 0 - 17,-17
approx 0 * 17,0
approx 0 / 17,0.0
approx 0 + 18,18
approx 0 - 18,-18
approx 0 * 18,0
approx 0 / 18,0.0
approx 0 + 19,19
approx 0 - 19,-19
approx 0 * 19,0
approx 0 / 19,0.0
approx 0 + 20,20
approx 0 - 20,-20
approx 0 * 20,0
approx 0 / 20,0.0
approx 1 + -20,-19
approx 1 - -20,21
approx 1 * -20,-20
approx 1 / -20,-0.05
approx 1 + -19,-18
approx 1 - -19,20
approx 1 * -19,-19
approx 1 / -19,-0.05263157894736842
approx 1 + -18,-17
approx 1 - -18,19
approx 1 * -18,-18
approx 1 / -18,-0.05555555555555555
approx 1 + -17,-16
approx 1 - -17,18
approx 1 * -17,-17
approx 1 / -17,-0.058823529411764705
approx 1 + -16,-15
approx 1 - -16,17
approx 1 * -16,-16
approx 1 / -16,-0.0625
approx 1 + -15,-14
approx 1 - -15,16
approx 1 * -15,-15
approx 1 / -15,-0.06666666666666667
approx 1 + -14,-13
approx 1 - -14,15
approx 1 * -14,-14
approx 1 / -14,-0.07142857142857142
approx 1 + -13,-12
approx 1 - -13,14
approx 1 * -13,-13
approx 1 / -13,-0.07692307692307693
approx 1 + -12,-11
approx 1 - -12,13
approx 1 * -12,-12
approx 1 / -12,-0.08333333333333333
approx 1 + -11,-10
approx 1 - -11,12
approx 1 * -11,-11
approx 1 / -11,-0.09090909090909091
approx 1 + -10,-9
approx 1 - -10,11
approx 1 * -10,-10
approx 1 / -10,-0.1
approx 1 + -9,-8
approx 1 - -9,10
approx 1 * -9,-9
approx 1 / -9,-0.1111111111111111
approx 1 + -8,-7
approx 1 - -8,9
approx 1 * -8,-8
approx 1 / -8,-0.125
approx 1 + -7,-6
approx 1 - -7,8
approx 1 * -7,-7
approx 1 / -7,-0.14285714285714285
approx 1 + -6,-5
approx 1 - -6,7
approx 1 * -6,-6
approx 1 / -6,-0.16666666666666666
approx 1 + -5,-4
approx 1 - -5,6
approx 1 * -5,-5
approx 1 / -5,-0.2
approx 1 + -4,-3
approx 1 - -4,5
approx 1 * -4,-4
approx 1 / -4,-0.25
approx 1 + -3,-2
approx 1 - -3,4
approx 1 * -3,-3
approx 1 / -3,-0.3333333333333333
approx 1 + -2,-1
approx 1 - -2,3
approx 1 * -2,-2
approx 1 / -2,-0.5
approx 1 + -1,0
approx 1 - -1,2
approx 1 * -1,-1
approx 1 / -1,-1.0
approx 1 + 0,1
approx 1 - 0,1
approx 1 * 0,0
approx 1 + 1,2
approx 1 - 1,0
approx 1 * 1,1
approx 1 / 1,1.0
approx 1 + 2,3
approx 1 - 2,-1
approx 1 * 2,2
approx 1 / 2,0.5
approx 1 + 3,4
approx 1 - 3,-2
approx 1 * 3,3
approx 1 / 3,0.3333333333333333
approx 1 + 4,5
approx 1 - 4,-3
approx 1 * 4,4
approx 1 / 4,0.25
approx 1 + 5,6
approx 1 - 5,-4
approx 1 * 5,5
approx 1 / 5,0.2
approx 1 + 6,7
approx 1 - 6,-5
approx 1 * 6,6
approx 1 / 6,0.16666666666666666
approx 1 + 7,8
approx 1 - 7,-6
approx 1 * 7,7
approx 1 / 7,0.14285714285714285
approx 1 + 8,9
approx 1 - 8,-7
approx 1 * 8,8
approx 1 / 8,0.125
approx 1 + 9,10
approx 1 - 9,-8
approx 1 * 9,9
approx 1 / 9,0.1111111111111111
approx 1 + 10,11
approx 1 - 10,-9
approx 1 * 10,10
approx 1 / 10,0.1
approx 1 + 11,12
approx 1 - 11,-10
approx 1 * 11,11
approx 1 / 11,0.09090909090909091
approx 1 + 12,13
approx 1 - 12,-11
approx 1 * 12,12
approx 1 / 12,0.08333333333333333
approx 1 + 13,14
approx 1 - 13,-12
approx 1 * 13,13
approx 1 / 13,0.07692307692307693
approx 1 + 14,15
approx 1 - 14,-13
approx 1 * 14,14
approx 1 / 14,0.07142857142857142
approx 1 + 15,16
approx 1 - 15,-14
approx 1 * 15,15
approx 1 / 15,0.06666666666666667
approx 1 + 16,17
approx 1 - 16,-15
approx 1 * 16,16
approx 1 / 16,0.0625
approx 1 + 17,18
approx 1 - 17,-16
approx 1 * 17,17
approx 1 / 17,0.058823529411764705
approx 1 + 18,19
approx 1 - 18,-17
approx 1 * 18,18
approx 1 / 18,0.05555555555555555
approx 1 + 19,20
approx 1 - 19,-18
approx 1 * 19,19
approx 1 / 19,0.05263157894736842
approx 1 + 20,21
approx 1 - 20,-19
approx 1 * 20,20
approx 1 / 20,0.05
approx 2 + -20,-18
approx 2 - -20,22
approx 2 * -20,-40
approx 2 / -20,-0.1
approx 2 + -19,-17
approx 2 - -19,21
approx 2 * -19,-38
approx 2 / -19,-0.10526315789473684
approx 2 + -18,-16
approx 2 - -18,20
approx 2 * -18,-36
approx 2 / -18,-0.1111111111111111
approx 2 + -17,-15
approx 2 - -17,19
approx 2 * -17,-34
approx 2 / -17,-0.11764705882352941
approx 2 + -16,-14
approx 2 - -16,18
approx 2 * -16,-32
approx 2 / -16,-0.125
approx 2 + -15,-13
approx 2 - -15,17
approx 2 * -15,-30
approx 2 / -15,-0.13333333333333333
approx 2 + -14,-12
approx 2 - -14,16
approx 2 * -14,-28
approx 2 / -14,-0.14285714285714285
approx 2 + -13,-11
approx 2 - -13,15
approx 2 * -13,-26
approx 2 / -13,-0.15384615384615385
approx 2 + -12,-10
approx 2 - -12,14
approx 2 * -12,-24
approx 2 / -12,-0.16666666666666666
approx 2 + -11,-9
approx 2 - -11,13
approx 2 * -11,-22
approx 2 / -11,-0.18181818181818182
approx 2 + -10,-8
approx 2 - -10,12
approx 2 * -10,-20
approx 2 / -10,-0.2
approx 2 + -9,-7
approx 2 - -9,11
approx 2 * -9,-18
approx 2 / -9,-0.2222222222222222
approx 2 + -8,-6
approx 2 - -8,10
approx 2 * -8,-16
approx 2 / -8,-0.25
approx 2 + -7,-5
approx 2 - -7,9
approx 2 * -7,-14
approx 2 / -7,-0.2857142857142857
approx 2 + -6,-4
approx 2 - -6,8
approx 2 * -6,-12
approx 2 / -6,-0.3333333333333333
approx 2 + -5,-3
approx 2 - -5,7
approx 2 * -5,-10
approx 2 / -5,-0.4
approx 2 + -4,-2
approx 2 - -4,6
approx 2 * -4,-8
approx 2 / -4,-0.5
approx 2 + -3,-1
approx 2 - -3,5
approx 2 * -3,-6
approx 2 / -3,-0.6666666666666666
approx 2 + -2,0
approx 2 - -2,4
approx 2 * -2,-4
approx 2 / -2,-1.0
approx 2 + -1,1
approx 2 - -1,3
approx 2 * -1,-2
approx 2 / -1,-2.0
approx 2 + 0,2
approx 2 - 0,2
approx 2 * 0,0
approx 2 + 1,3
approx 2 - 1,1
approx 2 * 1,2
approx 2 / 1,2.0
approx 2 + 2,4
approx 2 - 2,0
approx 2 * 2,4
approx 2 / 2,1.0
approx 2 - 3,-1
approx 2 * 3,6
approx 2 / 3,0.6666666666666666
approx 2 + 4,6
approx 2 - 4,-2
approx 2 * 4,8
approx 2 / 4,0.5
approx 2 + 5,7
approx 2 - 5,-3
approx 2 * 5,10
approx 2 / 5,0.4
approx 2 - 6,-4
approx 2 * 6,12
approx 2 / 6,0.3333333333333333
approx 2 + 7,9
approx 2 - 7,-5
approx 2 * 7,14
approx 2 / 7,0.2857142857142857
approx 2 + 8,10
approx 2 - 8,-6
approx 2 * 8,16
approx 2 / 8,0.25
approx 2 + 9,11
approx 2 - 9,-7
approx 2 * 9,18
approx 2 / 9,0.2222222222222222
approx 2 + 10,12
approx 2 - 10,-8
approx 2 * 10,20
approx 2 / 10,0.2
approx 2 + 11,13
approx 2 - 11,-9
approx 2 * 11,22
approx 2 / 11,0.18181818181818182
approx 2 + 12,14
approx 2 - 12,-10
approx 2 * 12,24
approx 2 / 12,0.16666666666666666
approx 2 + 13,15
approx 2 - 13,-11
approx 2 * 13,26
approx 2 / 13,0.15384615384615385
approx 2 + 14,16
approx 2 - 14,-12
approx 2 * 14,28
approx 2 / 14,0.14285714285714285
approx 2 + 15,17
approx 2 - 15,-13
approx 2 * 15,30
approx 2 / 15,0.13333333333333333
approx 2 + 16,18
approx 2 - 16,-14
approx 2 * 16,32
approx 2 / 16,0.125
approx 2 + 17,19
approx 2 - 17,-15
approx 2 * 17,34
approx 2 / 17,0.11764705882352941
approx 2 + 18,20
approx 2 - 18,-16
approx 2 * 18,36
approx 2 / 18,0.1111111111111111
approx 2 + 19,21
approx 2 - 19,-17
approx 2 * 19,38
approx 2 / 19,0.10526315789473684
approx 2 + 20,22
approx 2 - 20,-18
approx 2 * 20,40
approx 2 / 20,0.1
approx 3 + -20,-17
approx 3 - -20,23
approx 3 * -20,-60
approx 3 / -20,-0.15
approx 3 + -19,-16
approx 3 - -19,22
approx 3 * -19,-57
approx 3 / -19,-0.15789473684210525
approx 3 + -18,-15
approx 3 - -18,21
approx 3 * -18,-54
approx 3 / -18,-0.16666666666666666
approx 3 + -17,-14
approx 3 - -17,20
approx 3 * -17,-51
approx 3 / -17,-0.17647058823529413
approx 3 + -16,-13
approx 3 - -16,19
approx 3 * -16,-48
approx 3 / -16,-0.1875
approx 3 + -15,-12
approx 3 - -15,18
approx 3 * -15,-45
approx 3 / -15,-0.2
approx 3 + -14,-11
approx 3 - -14,17
approx 3 * -14,-42
approx 3 / -14,-0.21428571428571427
approx 3 + -13,-10
approx 3 - -13,16
approx 3 * -13,-39
approx 3 / -13,-0.23076923076923078
approx 3 + -12,-9
approx 3 - -12,15
approx 3 * -12,-36
approx 3 / -12,-0.25
approx 3 + -11,-8
approx 3 - -11,14
approx 3 * -11,-33
approx 3 / -11,-0.2727272727272727
approx 3 + -10,-7
approx 3 - -10,13
approx 3 * -10,-30
approx 3 / -10,-0.3
approx 3 + -9,-6
approx 3 - -9,12
approx 3 * -9,-27
approx 3 / -9,-0.3333333333333333
approx 3 + -8,-5
approx 3 - -8,11
approx 3 * -8,-24
approx 3 / -8,-0.375
approx 3 + -7,-4
approx 3 - -7,10
approx 3 * -7,-21
approx 3 / -7,-0.42857142857142855
approx 3 + -6,-3
approx 3 - -6,9
approx 3 * -6,-18
approx 3 / -6,-0.5
approx 3 + -5,-2
approx 3 - -5,8
approx 3 * -5,-15
approx 3 / -5,-0.6
approx 3 + -4,-1
approx 3 - -4,7
approx 3 * -4,-12
approx 3 / -4,-0.75
approx 3 + -3,0
approx 3 - -3,6
approx 3 * -3,-9
approx 3 / -3,-1.0
approx 3 + -2,1
approx 3 - -2,5
approx 3 * -2,-6
approx 3 / -2,-1.5
approx 3 + -1,2
approx 3 - -1,4
approx 3 * -1,-3
approx 3 / -1,-3.0
approx 3 + 0,3
approx 3 - 0,3
approx 3 * 0,0
approx 3 + 1,4
approx 3 - 1,2
approx 3 * 1,3
approx 3 / 1,3.0
approx 3 + 2,5
approx 3 - 2,1
approx 3 * 2,6
approx 3 / 2,1.5
approx 3 + 3,6
approx 3 - 3,0
approx 3 * 3,9
approx 3 / 3,1.0
approx 3 + 4,7
approx 3 - 4,-1
approx 3 * 4,12
approx 3 / 4,0.75
approx 3 + 5,8
approx 3 - 5,-2
approx 3 * 5,15
approx 3 / 5,0.6
approx 3 + 6,9
approx 3 - 6,-3
approx 3 * 6,18
approx 3 / 6,0.5
approx 3 + 7,10
approx 3 - 7,-4
approx 3 * 7,21
approx 3 / 7,0.42857142857142855
approx 3 + 8,11
approx 3 - 8,-5
approx 3 * 8,24
approx 3 / 8,0.375
approx 3 + 9,12
approx 3 - 9,-6
approx 3 * 9,27
approx 3 / 9,0.3333333333333333
approx 3 + 10,13
approx 3 - 10,-7
approx 3 * 10,30
approx 3 / 10,0.3
approx 3 + 11,14
approx 3 - 11,-8
approx 3 * 11,33
approx 3 / 11,0.2727272727272727
approx 3 + 12,15
approx 3 - 12,-9
approx 3 * 12,36
approx 3 / 12,0.25
approx 3 + 13,16
approx 3 - 13,-10
approx 3 * 13,39
approx 3 / 13,0.23076923076923078
approx 3 + 14,17
approx 3 - 14,-11
approx 3 * 14,42
approx 3 / 14,0.21428571428571427
approx 3 + 15,18
approx 3 - 15,-12
approx 3 * 15,45
approx 3 / 15,0.2
approx 3 + 16,19
approx 3 - 16,-13
approx 3 * 16,48
approx 3 / 16,0.1875
approx 3 + 17,20
approx 3 - 17,-14
approx 3 * 17,51
approx 3 / 17,0.17647058823529413
approx 3 + 18,21
approx 3 - 18,-15
approx 3 * 18,54
approx 3 / 18,0.16666666666666666
approx 3 + 19,22
approx 3 - 19,-16
approx 3 * 19,57
approx 3 / 19,0.15789473684210525
approx 3 + 20,23
approx 3 - 20,-17
approx 3 * 20,60
approx 3 / 20,0.15
approx 4 + -20,-16
approx 4 - -20,24
approx 4 * -20,-80
approx 4 / -20,-0.2
approx 4 + -19,-15
approx 4 - -19,23
approx 4 * -19,-76
approx 4 / -19,-0.21052631578947367
approx 4 + -18,-14
approx 4 - -18,22
approx 4 * -18,-72
approx 4 / -18,-0.2222222222222222
approx 4 + -17,-13
approx 4 - -17,21
approx 4 * -17,-68
approx 4 / -17,-0.23529411764705882
approx 4 + -16,-12
approx 4 - -16,20
approx 4 * -16,-64
approx 4 / -16,-0.25
approx 4 + -15,-11
approx 4 - -15,19
approx 4 * -15,-60
approx 4 / -15,-0.26666666666666666
approx 4 + -14,-10
approx 4 - -14,18
approx 4 * -14,-56
approx 4 / -14,-0.2857142857142857
approx 4 + -13,-9
approx 4 - -13,17
approx 4 * -13,-52
approx 4 / -13,-0.3076923076923077
approx 4 + -12,-8
approx 4 - -12,16
approx 4 * -12,-48
approx 4 / -12,-0.3333333333333333
approx 4 + -11,-7
approx 4 - -11,15
approx 4 * -11,-44
approx 4 / -11,-0.36363636363636365
approx 4 + -10,-6
approx 4 - -10,14
approx 4 * -10,-40
approx 4 / -10,-0.4
approx 4 + -9,-5
approx 4 - -9,13
approx 4 * -9,-36
approx 4 / -9,-0.4444444444444444
approx 4 + -8,-4
approx 4 - -8,12
approx 4 * -8,-32
approx 4 / -8,-0.5
approx 4 + -7,-3
approx 4 - -7,11
approx 4 * -7,-28
approx 4 / -7,-0.5714285714285714
approx 4 + -6,-2
approx 4 - -6,10
approx 4 * -6,-24
approx 4 / -6,-0.6666666666666666
approx 4 + -5,-1
approx 4 - -5,9
approx 4 * -5,-20
approx 4 / -5,-0.8
approx 4 + -4,0
approx 4 - -4,8
approx 4 * -4,-16
approx 4 / -4,-1.0
approx 4 + -3,1
approx 4 - -3,7
approx 4 * -3,-12
approx 4 / -3,-1.3333333333333333
approx 4 + -2,2
approx 4 - -2,6
approx 4 * -2,-8
approx 4 / -2,-2.0
approx 4 + -1,3
approx 4 - -1,5
approx 4 * -1,-4
approx 4 / -1,-4.0
approx 4 + 0,4
approx 4 - 0,4
approx 4 * 0,0
approx 4 + 1,5
approx 4 - 1,3
approx 4 * 1,4
approx 4 / 1,4.0
approx 4 + 2,6
approx 4 - 2,2
approx 4 * 2,8
approx 4 / 2,2.0
approx 4 + 3,7
approx 4 - 3,1
approx 4 * 3,12
approx 4 / 3,1.3333333333333333
approx 4 + 4,8
approx 4 - 4,0
approx 4 * 4,16
approx 4 / 4,1.0
approx 4 + 5,9
approx 4 - 5,-1
approx 4 * 5,20
approx 4 / 5,0.8
approx 4 + 6,10
approx 4 - 6,-2
approx 4 * 6,24
approx 4 / 6,0.6666666666666666
approx 4 + 7,11
approx 4 - 7,-3
approx 4 * 7,28
approx 4 / 7,0.5714285714285714
approx 4 + 8,12
approx 4 - 8,-4
approx 4 * 8,32
approx 4 / 8,0.5
approx 4 + 9,13
approx 4 - 9,-5
approx 4 * 9,36
approx 4 / 9,0.4444444444444444
approx 4 + 10,14
approx 4 - 10,-6
approx 4 * 10,40
approx 4 / 10,0.4
approx 4 + 11,15
approx 4 - 11,-7
approx 4 * 11,44
approx 4 / 11,0.36363636363636365
approx 4 + 12,16
approx 4 - 12,-8
approx 4 * 12,48
approx 4 / 12,0.3333333333333333
approx 4 + 13,17
approx 4 - 13,-9
approx 4 * 13,52
approx 4 / 13,0.3076923076923077
approx 4 + 14,18
approx 4 - 14,-10
approx 4 * 14,56
approx 4 / 14,0.2857142857142857
approx 4 + 15,19
approx 4 - 15,-11
approx 4 * 15,60
approx 4 / 15,0.26666666666666666
approx 4 + 16,20
approx 4 - 16,-12
approx 4 * 16,64
approx 4 / 16,0.25
approx 4 + 17,21
approx 4 - 17,-13
approx 4 * 17,68
approx 4 / 17,0.23529411764705882
approx 4 + 18,22
approx 4 - 18,-14
approx 4 * 18,72
approx 4 / 18,0.2222222222222222
approx 4 + 19,23
approx 4 - 19,-15
approx 4 * 19,76
approx 4 / 19,0.21052631578947367
approx 4 + 20,24
approx 4 - 20,-16
approx 4 * 20,80
approx 4 / 20,0.2
approx 5 + -20,-15
approx 5 - -20,25
approx 5 * -20,-100
approx 5 / -20,-0.25
approx 5 + -19,-14
approx 5 - -19,24
approx 5 * -19,-95
approx 5 / -19,-0.2631578947368421
approx 5 + -18,-13
approx 5 - -18,23
approx 5 * -18,-90
approx 5 / -18,-0.2777777777777778
approx 5 + -17,-12
approx 5 - -17,22
approx 5 * -17,-85
approx 5 / -17,-0.29411764705882354
approx 5 + -16,-11
approx 5 - -16,21
approx 5 * -16,-80
approx 5 / -16,-0.3125
approx 5 + -15,-10
approx 5 - -15,20
approx 5 * -15,-75
approx 5 / -15,-0.3333333333333333
approx 5 + -14,-9
approx 5 - -14,19
approx 5 * -14,-70
approx 5 / -14,-0.35714285714285715
approx 5 + -13,-8
approx 5 - -13,18
approx 5 * -13,-65
approx 5 / -13,-0.38461538461538464
approx 5 + -12,-7
approx 5 - -12,17
approx 5 * -12,-60
approx 5 / -12,-0.4166666666666667
approx 5 + -11,-6
approx 5 - -11,16
approx 5 * -11,-55
approx 5 / -11,-0.45454545454545453
approx 5 + -10,-5
approx 5 - -10,15
approx 5 * -10,-50
approx 5 / -10,-0.5
approx 5 + -9,-4
approx 5 - -9,14
approx 5 * -9,-45
approx 5 / -9,-0.5555555555555556
approx 5 + -8,-3
approx 5 - -8,13
approx 5 * -8,-40
approx 5 / -8,-0.625
approx 5 + -7,-2
approx 5 - -7,12
approx 5 * -7,-35
approx 5 / -7,-0.7142857142857143
approx 5 + -6,-1
approx 5 - -6,11
approx 5 * -6,-30
approx 5 / -6,-0.8333333333333334
approx 5 + -5,0
approx 5 - -5,10
approx 5 * -5,-25
approx 5 / -5,-1.0
approx 5 + -4,1
approx 5 - -4,9
approx 5 * -4,-20
approx 5 / -4,-1.25
approx 5 + -3,2
approx 5 - -3,8
approx 5 * -3,-15
approx 5 / -3,-1.6666666666666667
approx 5 + -2,3
approx 5 - -2,7
approx 5 * -2,-10
approx 5 / -2,-2.5
approx 5 + -1,4
approx 5 - -1,6
approx 5 * -1,-5
approx 5 / -1,-5.0
approx 5 + 0,5
approx 5 - 0,5
approx 5 * 0,0
approx 5 + 1,6
approx 5 - 1,4
approx 5 * 1,5
approx 5 / 1,5.0
approx 5 + 2,7
approx 5 - 2,3
approx 5 * 2,10
approx 5 / 2,2.5
approx 5 + 3,8
approx 5 - 3,2
approx 5 * 3,15
approx 5 / 3,1.6666666666666667
approx 5 + 4,9
approx 5 - 4,1
approx 5 * 4,20
approx 5 / 4,1.25
approx 5 + 5,10
approx 5 - 5,0
approx 5 * 5,25
approx 5 / 5,1.0
approx 5 + 6,11
approx 5 - 6,-1
approx 5 * 6,30
approx 5 / 6,0.8333333333333334
approx 5 + 7,12
approx 5 - 7,-2
approx 5 * 7,35
approx 5 / 7,0.7142857142857143
approx 5 + 8,13
approx 5 - 8,-3
approx 5 * 8,40
approx 5 / 8,0.625
approx 5 + 9,14
approx 5 - 9,-4
approx 5 * 9,45
approx 5 / 9,0.5555555555555556
approx 5 + 10,15
approx 5 - 10,-5
approx 5 * 10,50
approx 5 / 10,0.5
approx 5 + 11,16
approx 5 - 11,-6
approx 5 * 11,55
approx 5 / 11,0.45454545454545453
approx 5 + 12,17
approx 5 - 12,-7
approx 5 * 12,60
approx 5 / 12,0.4166666666666667
approx 5 + 13,18
approx 5 - 13,-8
approx 5 * 13,65
approx 5 / 13,0.38461538461538464
approx 5 + 14,19
approx 5 - 14,-9
approx 5 * 14,70
approx 5 / 14,0.35714285714285715
approx 5 + 15,20
approx 5 - 15,-10
approx 5 * 15,75
approx 5 / 15,0.3333333333333333
approx 5 + 16,21
approx 5 - 16,-11
approx 5 * 16,80
approx 5 / 16,0.3125
approx 5 + 17,22
approx 5 - 17,-12
approx 5 * 17,85
approx 5 / 17,0.29411764705882354
approx 5 + 18,23
approx 5 - 18,-13
approx 5 * 18,90
approx 5 / 18,0.2777777777777778
approx 5 + 19,24
approx 5 - 19,-14
approx 5 * 19,95
approx 5 / 19,0.2631578947368421
approx 5 + 20,25
approx 5 - 20,-15
approx 5 * 20,100
approx 5 / 20,0.25
approx 6 + -20,-14
approx 6 - -20,26
approx 6 * -20,-120
approx 6 / -20,-0.3
approx 6 + -19,-13
approx 6 - -19,25
approx 6 * -19,-114
approx 6 / -19,-0.3157894736842105
approx 6 + -18,-12
approx 6 - -18,24
approx 6 * -18,-108
approx 6 / -18,-0.3333333333333333
approx 6 + -17,-11
approx 6 - -17,23
approx 6 * -17,-102
approx 6 / -17,-0.35294117647058826
approx 6 + -16,-10
approx 6 - -16,22
approx 6 * -16,-96
approx 6 / -16,-0.375
approx 6 + -15,-9
approx 6 - -15,21
approx 6 * -15,-90
approx 6 / -15,-0.4
approx 6 + -14,-8
approx 6 - -14,20
approx 6 * -14,-84
approx 6 / -14,-0.42857142857142855
approx 6 + -13,-7
approx 6 - -13,19
approx 6 * -13,-78
approx 6 / -13,-0.46153846153846156
approx 6 + -12,-6
approx 6 - -12,18
approx 6 * -12,-72
approx 6 / -12,-0.5
approx 6 + -11,-5
approx 6 - -11,17
approx 6 * -11,-66
approx 6 / -11,-0.5454545454545454
approx 6 + -10,-4
approx 6 - -10,16
approx 6 * -10,-60
approx 6 / -10,-0.6
approx 6 + -9,-3
approx 6 - -9,15
approx 6 * -9,-54
approx 6 / -9,-0.6666666666666666
approx 6 + -8,-2
approx 6 - -8,14
approx 6 * -8,-48
approx 6 / -8,-0.75
approx 6 + -7,-1
approx 6 - -7,13
approx 6 * -7,-42
approx 6 / -7,-0.8571428571428571
approx 6 + -6,0
approx 6 - -6,12
approx 6 * -6,-36
approx 6 / -6,-1.0
approx 6 + -5,1
approx 6 - -5,11
approx 6 * -5,-30
approx 6 / -5,-1.2
approx 6 + -4,2
approx 6 - -4,10
approx 6 * -4,-24
approx 6 / -4,-1.5
approx 6 + -3,3
approx 6 - -3,9
approx 6 * -3,-18
approx 6 / -3,-2.0
approx 6 + -2,4
approx 6 - -2,8
approx 6 * -2,-12
approx 6 / -2,-3.0
approx 6 + -1,5
approx 6 - -1,7
approx 6 * -1,-6
approx 6 / -1,-6.0
approx 6 + 0,6
approx 6 - 0,6
approx 6 * 0,0
approx 6 + 1,7
approx 6 - 1,5
approx 6 * 1,6
approx 6 / 1,6.0
approx 6 + 2,8
approx 6 - 2,4
approx 6 * 2,12
approx 6 / 2,3.0
approx 6 + 3,9
approx 6 - 3,3
approx 6 * 3,18
approx 6 / 3,2.0
approx 6 + 4,10
approx 6 - 4,2
approx 6 * 4,24
approx 6 / 4,1.5
approx 6 + 5,11
approx 6 - 5,1
approx 6 * 5,30
approx 6 / 5,1.2
approx 6 + 6,12
approx 6 - 6,0
approx 6 * 6,36
approx 6 / 6,1.0
approx 6 + 7,13
approx 6 - 7,-1
approx 6 * 7,42
approx 6 / 7,0.8571428571428571
approx 6 + 8,14
approx 6 - 8,-2
approx 6 * 8,48
approx 6 / 8,0.75
approx 6 + 9,15
approx 6 - 9,-3
approx 6 * 9,54
approx 6 / 9,0.6666666666666666
approx 6 + 10,16
approx 6 - 10,-4
approx 6 * 10,60
approx 6 / 10,0.6
approx 6 + 11,17
approx 6 - 11,-5
approx 6 * 11,66
approx 6 / 11,0.5454545454545454
approx 6 + 12,18
approx 6 - 12,-6
approx 6 * 12,72
approx 6 / 12,0.5
approx 6 + 13,19
approx 6 - 13,-7
approx 6 * 13,78
approx 6 / 13,0.46153846153846156
approx 6 + 14,20
approx 6 - 14,-8
approx 6 * 14,84
approx 6 / 14,0.42857142857142855
approx 6 + 15,21
approx 6 - 15,-9
approx 6 * 15,90
approx 6 / 15,0.4
approx 6 + 16,22
approx 6 - 16,-10
approx 6 * 16,96
approx 6 / 16,0.375
approx 6 + 17,23
approx 6 - 17,-11
approx 6 * 17,102
approx 6 / 17,0.35294117647058826
approx 6 + 18,24
approx 6 - 18,-12
approx 6 * 18,108
approx 6 / 18,0.3333333333333333
approx 6 + 19,25
approx 6 - 19,-13
approx 6 * 19,114
approx 6 / 19,0.3157894736842105
approx 6 + 20,26
approx 6 - 20,-14
approx 6 * 20,120
approx 6 / 20,0.3
approx 7 + -20,-13
approx 7 - -20,27
approx 7 * -20,-140
approx 7 / -20,-0.35
approx 7 + -19,-12
approx 7 - -19,26
approx 7 * -19,-133
approx 7 / -19,-0.3684210526315789
approx 7 + -18,-11
approx 7 - -18,25
approx 7 * -18,-126
approx 7 / -18,-0.3888888888888889
approx 7 + -17,-10
approx 7 - -17,24
approx 7 * -17,-119
approx 7 / -17,-0.4117647058823529
approx 7 + -16,-9
approx 7 - -16,23
approx 7 * -16,-112
approx 7 / -16,-0.4375
approx 7 + -15,-8
approx 7 - -15,22
approx 7 * -15,-105
approx 7 / -15,-0.4666666666666667
approx 7 + -14,-7
approx 7 - -14,21
approx 7 * -14,-98
approx 7 / -14,-0.5
approx 7 + -13,-6
approx 7 - -13,20
approx 7 * -13,-91
approx 7 / -13,-0.5384615384615384
approx 7 + -12,-5
approx 7 - -12,19
approx 7 * -12,-84
approx 7 / -12,-0.5833333333333334
approx 7 + -11,-4
approx 7 - -11,18
approx 7 * -11,-77
approx 7 / -11,-0.6363636363636364
approx 7 + -10,-3
approx 7 - -10,17
approx 7 * -10,-70
approx 7 / -10,-0.7
approx 7 + -9,-2
approx 7 - -9,16
approx 7 * -9,-63
approx 7 / -9,-0.7777777777777778
approx 7 + -8,-1
approx 7 - -8,15
approx 7 * -8,-56
approx 7 / -8,-0.875
approx 7 + -7,0
approx 7 - -7,14
approx 7 * -7,-49
approx 7 / -7,-1.0
approx 7 + -6,1
approx 7 - -6,13
approx 7 * -6,-42
approx 7 / -6,-1.1666666666666667
approx 7 + -5,2
approx 7 - -5,12
approx 7 * -5,-35
approx 7 / -5,-1.4
approx 7 + -4,3
approx 7 - -4,11
approx 7 * -4,-28
approx 7 / -4,-1.75
approx 7 + -3,4
approx 7 - -3,10
approx 7 * -3,-21
approx 7 / -3,-2.3333333333333335
approx 7 + -2,5
approx 7 - -2,9
approx 7 * -2,-14
approx 7 / -2,-3.5
approx 7 + -1,6
approx 7 - -1,8
approx 7 * -1,-7
approx 7 / -1,-7.0
approx 7 + 0,7
approx 7 - 0,7
approx 7 * 0,0
approx 7 + 1,8
approx 7 - 1,6
approx 7 * 1,7
approx 7 / 1,7.0
approx 7 + 2,9
approx 7 - 2,5
approx 7 * 2,14
approx 7 / 2,3.5
approx 7 + 3,10
approx 7 - 3,4
approx 7 * 3,21
approx 7 / 3,2.3333333333333335
approx 7 + 4,11
approx 7 - 4,3
approx 7 * 4,28
approx 7 / 4,1.75
approx 7 + 5,12
approx 7 - 5,2
approx 7 * 5,35
approx 7 / 5,1.4
approx 7 + 6,13
approx 7 - 6,1
approx 7 * 6,42
approx 7 / 6,1.1666666666666667
approx 7 + 7,14
approx 7 - 7,0
approx 7 * 7,49
approx 7 / 7,1.0
approx 7 + 8,15
approx 7 - 8,-1
approx 7 * 8,56
approx 7 / 8,0.875
approx 7 + 9,16
approx 7 - 9,-2
approx 7 * 9,63
approx 7 / 9,0.7777777777777778
approx 7 + 10,17
approx 7 - 10,-3
approx 7 * 10,70
approx 7 / 10,0.7
approx 7 + 11,18
approx 7 - 11,-4
approx 7 * 11,77
approx 7 / 11,0.6363636363636364
approx 7 + 12,19
approx 7 - 12,-5
approx 7 * 12,84
approx 7 / 12,0.5833333333333334
approx 7 + 13,20
approx 7 - 13,-6
approx 7 * 13,91
approx 7 / 13,0.5384615384615384
approx 7 + 14,21
approx 7 - 14,-7
approx 7 * 14,98
approx 7 / 14,0.5
approx 7 + 15,22
approx 7 - 15,-8
approx 7 * 15,105
approx 7 / 15,0.4666666666666667
approx 7 + 16,23
approx 7 - 16,-9
approx 7 * 16,112
approx 7 / 16,0.4375
approx 7 + 17,24
approx 7 - 17,-10
approx 7 * 17,119
approx 7 / 17,0.4117647058823529
approx 7 + 18,25
approx 7 - 18,-11
approx 7 * 18,126
approx 7 / 18,0.3888888888888889
approx 7 + 19,26
approx 7 - 19,-12
approx 7 * 19,133
approx 7 / 19,0.3684210526315789
approx 7 + 20,27
approx 7 - 20,-13
approx 7 * 20,140
approx 7 / 20,0.35
approx 8 + -20,-12
approx 8 - -20,28
approx 8 * -20,-160
approx 8 / -20,-0.4
approx 8 + -19,-11
approx 8 - -19,27
approx 8 * -19,-152
approx 8 / -19,-0.42105263157894735
approx 8 + -18,-10
approx 8 - -18,26
approx 8 * -18,-144
approx 8 / -18,-0.4444444444444444
approx 8 + -17,-9
approx 8 - -17,25
approx 8 * -17,-136
approx 8 / -17,-0.47058823529411764
approx 8 + -16,-8
approx 8 - -16,24
approx 8 * -16,-128
approx 8 / -16,-0.5
approx 8 + -15,-7
approx 8 - -15,23
approx 8 * -15,-120
approx 8 / -15,-0.5333333333333333
approx 8 + -14,-6
approx 8 - -14,22
approx 8 * -14,-112
approx 8 / -14,-0.5714285714285714
approx 8 + -13,-5
approx 8 - -13,21
approx 8 * -13,-104
approx 8 / -13,-0.6153846153846154
approx 8 + -12,-4
approx 8 - -12,20
approx 8 * -12,-96
approx 8 / -12,-0.6666666666666666
approx 8 + -11,-3
approx 8 - -11,19
approx 8 * -11,-88
approx 8 / -11,-0.7272727272727273
approx 8 + -10,-2
approx 8 - -10,18
approx 8 * -10,-80
approx 8 / -10,-0.8
approx 8 + -9,-1
approx 8 - -9,17
approx 8 * -9,-72
approx 8 / -9,-0.8888888888888888
approx 8 + -8,0
approx 8 - -8,16
approx 8 * -8,-64
approx 8 / -8,-1.0
approx 8 + -7,1
approx 8 - -7,15
approx 8 * -7,-56
approx 8 / -7,-1.1428571428571428
approx 8 + -6,2
approx 8 - -6,14
approx 8 * -6,-48
approx 8 / -6,-1.3333333333333333
approx 8 + -5,3
approx 8 - -5,13
approx 8 * -5,-40
approx 8 / -5,-1.6
approx 8 + -4,4
approx 8 - -4,12
approx 8 * -4,-32
approx 8 / -4,-2.0
approx 8 + -3,5
approx 8 - -3,11
approx 8 * -3,-24
approx 8 / -3,-2.6666666666666665
approx 8 + -2,6
approx 8 - -2,10
approx 8 * -2,-16
approx 8 / -2,-4.0
approx 8 + -1,7
approx 8 - -1,9
approx 8 * -1,-8
approx 8 / -1,-8.0
approx 8 + 0,8
approx 8 - 0,8
approx 8 * 0,0
approx 8 + 1,9
approx 8 - 1,7
approx 8 * 1,8
approx 8 / 1,8.0
approx 8 + 2,10
approx 8 - 2,6
approx 8 * 2,16
approx 8 / 2,4.0
approx 8 + 3,11
approx 8 - 3,5
approx 8 * 3,24
approx 8 / 3,2.6666666666666665
approx 8 + 4,12
approx 8 - 4,4
approx 8 * 4,32
approx 8 / 4,2.0
approx 8 + 5,13
approx 8 - 5,3
approx 8 * 5,40
approx 8 / 5,1.6
approx 8 + 6,14
approx 8 - 6,2
approx 8 * 6,48
approx 8 / 6,1.3333333333333333
approx 8 + 7,15
approx 8 - 7,1
approx 8 * 7,56
approx 8 / 7,1.1428571428571428
approx 8 + 8,16
approx 8 - 8,0
approx 8 * 8,64
approx 8 / 8,1.0
approx 8 + 9,17
approx 8 - 9,-1
approx 8 * 9,72
approx 8 / 9,0.8888888888888888
approx 8 + 10,18
approx 8 - 10,-2
approx 8 * 10,80
approx 8 / 10,0.8
approx 8 + 11,19
approx 8 - 11,-3
approx 8 * 11,88
approx 8 / 11,0.7272727272727273
approx 8 + 12,20
approx 8 - 12,-4
approx 8 * 12,96
approx 8 / 12,0.6666666666666666
approx 8 + 13,21
approx 8 - 13,-5
approx 8 * 13,104
approx 8 / 13,0.6153846153846154
approx 8 + 14,22
approx 8 - 14,-6
approx 8 * 14,112
approx 8 / 14,0.5714285714285714
approx 8 + 15,23
approx 8 - 15,-7
approx 8 * 15,120
approx 8 / 15,0.5333333333333333
approx 8 + 16,24
approx 8 - 16,-8
approx 8 * 16,128
approx 8 / 16,0.5
approx 8 + 17,25
approx 8 - 17,-9
approx 8 * 17,136
approx 8 / 17,0.47058823529411764
approx 8 + 18,26
approx 8 - 18,-10
approx 8 * 18,144
approx 8 / 18,0.4444444444444444
approx 8 + 19,27
approx 8 - 19,-11
approx 8 * 19,152
approx 8 / 19,0.42105263157894735
approx 8 + 20,28
approx 8 - 20,-12
approx 8 * 20,160
approx 8 / 20,0.4
approx 9 + -20,-11
approx 9 - -20,29
approx 9 * -20,-180
approx 9 / -20,-0.45
approx 9 + -19,-10
approx 9 - -19,28
approx 9 * -19,-171
approx 9 / -19,-0.47368421052631576
approx 9 + -18,-9
approx 9 - -18,27
approx 9 * -18,-162
approx 9 / -18,-0.5
approx 9 + -17,-8
approx 9 - -17,26
approx 9 * -17,-153
approx 9 / -17,-0.5294117647058824
approx 9 + -16,-7
approx 9 - -16,25
approx 9 * -16,-144
approx 9 / -16,-0.5625
approx 9 + -15,-6
approx 9 - -15,24
approx 9 * -15,-135
approx 9 / -15,-0.6
approx 9 + -14,-5
approx 9 - -14,23
approx 9 * -14,-126
approx 9 / -14,-0.6428571428571429
approx 9 + -13,-4
approx 9 - -13,22
approx 9 * -13,-117
approx 9 / -13,-0.6923076923076923
approx 9 + -12,-3
approx 9 - -12,21
approx 9 * -12,-108
approx 9 / -12,-0.75
approx 9 + -11,-2
approx 9 - -11,20
approx 9 * -11,-99
approx 9 / -11,-0.8181818181818182
approx 9 + -10,-1
approx 9 - -10,19
approx 9 * -10,-90
approx 9 / -10,-0.9
approx 9 + -9,0
approx 9 - -9,18
approx 9 * -9,-81
approx 9 / -9,-1.0
approx 9 + -8,1
approx 9 - -8,17
approx 9 * -8,-72
approx 9 / -8,-1.125
approx 9 + -7,2
approx 9 - -7,16
approx 9 * -7,-63
approx 9 / -7,-1.2857142857142858
approx 9 + -6,3
approx 9 - -6,15
approx 9 * -6,-54
approx 9 / -6,-1.5
approx 9 + -5,4
approx 9 - -5,14
approx 9 * -5,-45
approx 9 / -5,-1.8
approx 9 + -4,5
approx 9 - -4,13
approx 9 * -4,-36
approx 9 / -4,-2.25
approx 9 + -3,6
approx 9 - -3,12
approx 9 * -3,-27
approx 9 / -3,-3.0
approx 9 + -2,7
approx 9 - -2,11
approx 9 * -2,-18
approx 9 / -2,-4.5
approx 9 + -1,8
approx 9 - -1,10
approx 9 * -1,-9
approx 9 / -1,-9.0
approx 9 + 0,9
approx 9 - 0,9
approx 9 * 0,0
approx 9 + 1,10
approx 9 - 1,8
approx 9 * 1,9
approx 9 / 1,9.0
approx 9 + 2,11
approx 9 - 2,7
approx 9 * 2,18
approx 9 / 2,4.5
approx 9 + 3,12
approx 9 - 3,6
approx 9 * 3,27
approx 9 / 3,3.0
approx 9 + 4,13
approx 9 - 4,5
approx 9 * 4,36
approx 9 / 4,2.25
approx 9 + 5,14
approx 9 - 5,4
approx 9 * 5,45
approx 9 / 5,1.8
approx 9 + 6,15
approx 9 - 6,3
approx 9 * 6,54
approx 9 / 6,1.5
approx 9 + 7,16
approx 9 - 7,2
approx 9 * 7,63
approx 9 / 7,1.2857142857142858
approx 9 + 8,17
approx 9 - 8,1
approx 9 * 8,72
approx 9 / 8,1.125
approx 9 + 9,18
approx 9 - 9,0
approx 9 * 9,81
approx 9 / 9,1.0
approx 9 + 10,19
approx 9 - 10,-1
approx 9 * 10,90
approx 9 / 10,0.9
approx 9 + 11,20
approx 9 - 11,-2
approx 9 * 11,99
approx 9 / 11,0.8181818181818182
approx 9 + 12,21
approx 9 - 12,-3
approx 9 * 12,108
approx 9 / 12,0.75
approx 9 + 13,22
approx 9 - 13,-4
approx 9 * 13,117
approx 9 / 13,0.6923076923076923
approx 9 + 14,23
approx 9 - 14,-5
approx 9 * 14,126
approx 9 / 14,0.6428571428571429
approx 9 + 15,24
approx 9 - 15,-6
approx 9 * 15,135
approx 9 / 15,0.6
approx 9 + 16,25
approx 9 - 16,-7
approx 9 * 16,144
approx 9 / 16,0.5625
approx 9 + 17,26
approx 9 - 17,-8
approx 9 * 17,153
approx 9 / 17,0.5294117647058824
approx 9 + 18,27
approx 9 - 18,-9
approx 9 * 18,162
approx 9 / 18,0.5
approx 9 + 19,28
approx 9 - 19,-10
approx 9 * 19,171
approx 9 / 19,0.47368421052631576
approx 9 + 20,29
approx 9 - 20,-11
approx 9 * 20,180
approx 9 / 20,0.45
approx 10 + -20,-10
approx 10 - -20,30
approx 10 * -20,-200
approx 10 / -20,-0.5
approx 10 + -19,-9
approx 10 - -19,29
approx 10 * -19,-190
approx 10 / -19,-0.5263157894736842
approx 10 + -18,-8
approx 10 - -18,28
approx 10 * -18,-180
approx 10 / -18,-0.5555555555555556
approx 10 + -17,-7
approx 10 - -17,27
approx 10 * -17,-170
approx 10 / -17,-0.5882352941176471
approx 10 + -16,-6
approx 10 - -16,26
approx 10 * -16,-160
approx 10 / -16,-0.625
approx 10 + -15,-5
approx 10 - -15,25
approx 10 * -15,-150
approx 10 / -15,-0.6666666666666666
approx 10 + -14,-4
approx 10 - -14,24
approx 10 * -14,-140
approx 10 / -14,-0.7142857142857143
approx 10 + -13,-3
approx 10 - -13,23
approx 10 * -13,-130
approx 10 / -13,-0.7692307692307693
approx 10 + -12,-2
approx 10 - -12,22
approx 10 * -12,-120
approx 10 / -12,-0.8333333333333334
approx 10 + -11,-1
approx 10 - -11,21
approx 10 * -11,-110
approx 10 / -11,-0.9090909090909091
approx 10 + -10,0
approx 10 - -10,20
approx 10 * -10,-100
approx 10 / -10,-1.0
approx 10 + -9,1
approx 10 - -9,19
approx 10 * -9,-90
approx 10 / -9,-1.1111111111111112
approx 10 + -8,2
approx 10 - -8,18
approx 10 * -8,-80
approx 10 / -8,-1.25
approx 10 + -7,3
approx 10 - -7,17
approx 10 * -7,-70
approx 10 / -7,-1.4285714285714286
approx 10 + -6,4
approx 10 - -6,16
approx 10 * -6,-60
approx 10 / -6,-1.6666666666666667
approx 10 + -5,5
approx 10 - -5,15
approx 10 * -5,-50
approx 10 / -5,-2.0
approx 10 + -4,6
approx 10 - -4,14
approx 10 * -4,-40
approx 10 / -4,-2.5
approx 10 + -3,7
approx 10 - -3,13
approx 10 * -3,-30
approx 10 / -3,-3.3333333333333335
approx 10 + -2,8
approx 10 - -2,12
approx 10 * -2,-20
approx 10 / -2,-5.0
approx 10 + -1,9
approx 10 - -1,11
approx 10 * -1,-10
approx 10 / -1,-10.0
approx 10 + 0,10
approx 10 - 0,10
approx 10 * 0,0
approx 10 + 1,11
approx 10 - 1,9
approx 10 * 1,10
approx 10 / 1,10.0
approx 10 + 2,12
approx 10 - 2,8
approx 10 * 2,20
approx 10 / 2,5.0
approx 10 + 3,13
approx 10 - 3,7
approx 10 * 3,30
approx 10 / 3,3.3333333333333335
approx 10 + 4,14
approx 10 * 4,40
approx 10 / 4,2.5
approx 10 + 5,15
approx 10 - 5,5
approx 10 * 5,50
approx 10 / 5,2.0
approx 10 + 6,16
approx 10 - 6,4
approx 10 * 6,60
approx 10 / 6,1.6666666666666667
approx 10 + 7,17
approx 10 - 7,3
approx 10 * 7,70
approx 10 / 7,1.4285714285714286
approx 10 + 8,18
approx 10 - 8,2
approx 10 * 8,80
approx 10 / 8,1.25
approx 10 + 9,19
approx 10 - 9,1
approx 10 * 9,90
approx 10 / 9,1.1111111111111112
approx 10 + 10,20
approx 10 - 10,0
approx 10 * 10,100
approx 10 / 10,1.0
approx 10 + 11,21
approx 10 - 11,-1
approx 10 * 11,110
approx 10 / 11,0.9090909090909091
approx 10 + 12,22
approx 10 - 12,-2
approx 10 * 12,120
approx 10 / 12,0.8333333333333334
approx 10 + 13,23
approx 10 - 13,-3
approx 10 * 13,130
approx 10 / 13,0.7692307692307693
approx 10 + 14,24
approx 10 - 14,-4
approx 10 * 14,140
approx 10 / 14,0.7142857142857143
approx 10 + 15,25
approx 10 - 15,-5
approx 10 * 15,150
approx 10 / 15,0.6666666666666666
approx 10 + 16,26
approx 10 - 16,-6
approx 10 * 16,160
approx 10 / 16,0.625
approx 10 + 17,27
approx 10 - 17,-7
approx 10 * 17,170
approx 10 / 17,0.5882352941176471
approx 10 + 18,28
approx 10 - 18,-8
approx 10 * 18,180
approx 10 / 18,0.5555555555555556
approx 10 + 19,29
approx 10 - 19,-9
approx 10 * 19,190
approx 10 / 19,0.5263157894736842
approx 10 + 20,30
approx 10 - 20,-10
approx 10 * 20,200
approx 10 / 20,0.5
approx 11 + -20,-9
approx 11 - -20,31
approx 11 * -20,-220
approx 11 / -20,-0.55
approx 11 + -19,-8
approx 11 - -19,30
approx 11 * -19,-209
approx 11 / -19,-0.5789473684210527
approx 11 + -18,-7
approx 11 - -18,29
approx 11 * -18,-198
approx 11 / -18,-0.6111111111111112
approx 11 + -17,-6
approx 11 - -17,28
approx 11 * -17,-187
approx 11 / -17,-0.6470588235294118
approx 11 + -16,-5
approx 11 - -16,27
approx 11 * -16,-176
approx 11 / -16,-0.6875
approx 11 + -15,-4
approx 11 - -15,26
approx 11 * -15,-165
approx 11 / -15,-0.7333333333333333
approx 11 + -14,-3
approx 11 - -14,25
approx 11 * -14,-154
approx 11 / -14,-0.7857142857142857
approx 11 + -13,-2
approx 11 - -13,24
approx 11 * -13,-143
approx 11 / -13,-0.8461538461538461
approx 11 + -12,-1
approx 11 - -12,23
approx 11 * -12,-132
approx 11 / -12,-0.9166666666666666
approx 11 + -11,0
approx 11 - -11,22
approx 11 * -11,-121
approx 11 / -11,-1.0
approx 11 + -10,1
approx 11 - -10,21
approx 11 * -10,-110
approx 11 / -10,-1.1
approx 11 + -9,2
approx 11 - -9,20
approx 11 * -9,-99
approx 11 / -9,-1.2222222222222223
approx 11 + -8,3
approx 11 - -8,19
approx 11 * -8,-88
approx 11 / -8,-1.375
approx 11 + -7,4
approx 11 - -7,18
approx 11 * -7,-77
approx 11 / -7,-1.5714285714285714
approx 11 + -6,5
approx 11 - -6,17
approx 11 * -6,-66
approx 11 / -6,-1.8333333333333333
approx 11 + -5,6
approx 11 - -5,16
approx 11 * -5,-55
approx 11 / -5,-2.2
approx 11 + -4,7
approx 11 - -4,15
approx 11 * -4,-44
approx 11 / -4,-2.75
approx 11 + -3,8
approx 11 - -3,14
approx 11 * -3,-33
approx 11 / -3,-3.6666666666666665
approx 11 + -2,9
approx 11 - -2,13
approx 11 * -2,-22
approx 11 / -2,-5.5
approx 11 + -1,10
approx 11 - -1,12
approx 11 * -1,-11
approx 11 / -1,-11.0
approx 11 + 0,11
approx 11 - 0,11
approx 11 * 0,0
approx 11 + 1,12
approx 11 - 1,10
approx 11 * 1,11
approx 11 / 1,11.0
approx 11 + 2,13
approx 11 - 2,9
approx 11 * 2,22
approx 11 / 2,5.5
approx 11 + 3,14
approx 11 - 3,8
approx 11 * 3,33
approx 11 / 3,3.6666666666666665
approx 11 + 4,15
approx 11 - 4,7
approx 11 * 4,44
approx 11 / 4,2.75
approx 11 + 5,16
approx 11 - 5,6
approx 11 * 5,55
approx 11 / 5,2.2
approx 11 + 6,17
approx 11 - 6,5
approx 11 * 6,66
approx 11 / 6,1.8333333333333333
approx 11 + 7,18
approx 11 - 7,4
approx 11 * 7,77
approx 11 / 7,1.5714285714285714
approx 11 + 8,19
approx 11 - 8,3
approx 11 * 8,88
approx 11 / 8,1.375
approx 11 + 9,20
approx 11 - 9,2
approx 11 * 9,99
approx 11 / 9,1.2222222222222223
approx 11 + 10,21
approx 11 - 10,1
approx 11 * 10,110
approx 11 / 10,1.1
approx 11 + 11,22
approx 11 - 11,0
approx 11 * 11,121
approx 11 / 11,1.0
approx 11 + 12,23
approx 11 - 12,-1
approx 11 * 12,132
approx 11 / 12,0.9166666666666666
approx 11 + 13,24
approx 11 - 13,-2
approx 11 * 13,143
approx 11 / 13,0.8461538461538461
approx 11 + 14,25
approx 11 - 14,-3
approx 11 * 14,154
approx 11 / 14,0.7857142857142857
approx 11 + 15,26
approx 11 - 15,-4
approx 11 * 15,165
approx 11 / 15,0.7333333333333333
approx 11 + 16,27
approx 11 - 16,-5
approx 11 * 16,176
approx 11 / 16,0.6875
approx 11 + 17,28
approx 11 - 17,-6
approx 11 * 17,187
approx 11 / 17,0.6470588235294118
approx 11 + 18,29
approx 11 - 18,-7
approx 11 * 18,198
approx 11 / 18,0.6111111111111112
approx 11 + 19,30
approx 11 - 19,-8
approx 11 * 19,209
approx 11 / 19,0.5789473684210527
approx 11 + 20,31
approx 11 - 20,-9
approx 11 * 20,220
approx 11 / 20,0.55
approx 12 + -20,-8
approx 12 - -20,32
approx 12 * -20,-240
approx 12 / -20,-0.6
approx 12 + -19,-7
approx 12 - -19,31
approx 12 * -19,-228
approx 12 / -19,-0.631578947368421
approx 12 + -18,-6
approx 12 - -18,30
approx 12 * -18,-216
approx 12 / -18,-0.6666666666666666
approx 12 + -17,-5
approx 12 - -17,29
approx 12 * -17,-204
approx 12 / -17,-0.7058823529411765
approx 12 + -16,-4
approx 12 - -16,28
approx 12 * -16,-192
approx 12 / -16,-0.75
approx 12 + -15,-3
approx 12 - -15,27
approx 12 * -15,-180
approx 12 / -15,-0.8
approx 12 + -14,-2
approx 12 - -14,26
approx 12 * -14,-168
approx 12 / -14,-0.8571428571428571
approx 12 + -13,-1
approx 12 - -13,25
approx 12 * -13,-156
approx 12 / -13,-0.9230769230769231
approx 12 + -12,0
approx 12 - -12,24
approx 12 * -12,-144
approx 12 / -12,-1.0
approx 12 + -11,1
approx 12 - -11,23
approx 12 * -11,-132
approx 12 / -11,-1.0909090909090908
approx 12 + -10,2
approx 12 - -10,22
approx 12 * -10,-120
approx 12 / -10,-1.2
approx 12 + -9,3
approx 12 - -9,21
approx 12 * -9,-108
approx 12 / -9,-1.3333333333333333
approx 12 + -8,4
approx 12 - -8,20
approx 12 * -8,-96
approx 12 / -8,-1.5
approx 12 + -7,5
approx 12 - -7,19
approx 12 * -7,-84
approx 12 / -7,-1.7142857142857142
approx 12 + -6,6
approx 12 - -6,18
approx 12 * -6,-72
approx 12 / -6,-2.0
approx 12 + -5,7
approx 12 - -5,17
approx 12 * -5,-60
approx 12 / -5,-2.4
approx 12 + -4,8
approx 12 - -4,16
approx 12 * -4,-48
approx 12 / -4,-3.0
approx 12 + -3,9
approx 12 - -3,15
approx 12 * -3,-36
approx 12 / -3,-4.0
approx 12 + -2,10
approx 12 - -2,14
approx 12 * -2,-24
approx 12 / -2,-6.0
approx 12 + -1,11
approx 12 - -1,13
approx 12 * -1,-12
approx 12 / -1,-12.0
approx 12 + 0,12
approx 12 - 0,12
approx 12 * 0,0
approx 12 + 1,13
approx 12 - 1,11
approx 12 * 1,12
approx 12 / 1,12.0
approx 12 + 2,14
approx 12 - 2,10
approx 12 * 2,24
approx 12 / 2,6.0
approx 12 + 3,15
approx 12 - 3,9
approx 12 * 3,36
approx 12 / 3,4.0
approx 12 + 4,16
approx 12 - 4,8
approx 12 * 4,48
approx 12 / 4,3.0
approx 12 + 5,17
approx 12 - 5,7
approx 12 * 5,60
approx 12 / 5,2.4
approx 12 + 6,18
approx 12 - 6,6
approx 12 * 6,72
approx 12 / 6,2.0
approx 12 + 7,19
approx 12 - 7,5
approx 12 * 7,84
approx 12 / 7,1.7142857142857142
approx 12 + 8,20
approx 12 - 8,4
approx 12 * 8,96
approx 12 / 8,1.5
approx 12 + 9,21
approx 12 - 9,3
approx 12 * 9,108
approx 12 / 9,1.3333333333333333
approx 12 + 10,22
approx 12 - 10,2
approx 12 * 10,120
approx 12 / 10,1.2
approx 12 + 11,23
approx 12 - 11,1
approx 12 * 11,132
approx 12 / 11,1.0909090909090908
approx 12 + 12,24
approx 12 - 12,0
approx 12 * 12,144
approx 12 / 12,1.0
approx 12 + 13,25
approx 12 - 13,-1
approx 12 * 13,156
approx 12 / 13,0.9230769230769231
approx 12 + 14,26
approx 12 - 14,-2
approx 12 * 14,168
approx 12 / 14,0.8571428571428571
approx 12 + 15,27
approx 12 - 15,-3
approx 12 * 15,180
approx 12 / 15,0.8
approx 12 + 16,28
approx 12 - 16,-4
approx 12 * 16,192
approx 12 / 16,0.75
approx 12 + 17,29
approx 12 - 17,-5
approx 12 * 17,204
approx 12 / 17,0.7058823529411765
approx 12 + 18,30
approx 12 - 18,-6
approx 12 * 18,216
approx 12 / 18,0.6666666666666666
approx 12 + 19,31
approx 12 - 19,-7
approx 12 * 19,228
approx 12 / 19,0.631578947368421
approx 12 + 20,32
approx 12 - 20,-8
approx 12 * 20,240
approx 12 / 20,0.6
approx 13 + -20,-7
approx 13 - -20,33
approx 13 * -20,-260
approx 13 / -20,-0.65
approx 13 + -19,-6
approx 13 - -19,32
approx 13 * -19,-247
approx 13 / -19,-0.6842105263157895
approx 13 + -18,-5
approx 13 - -18,31
approx 13 * -18,-234
approx 13 / -18,-0.7222222222222222
approx 13 + -17,-4
approx 13 - -17,30
approx 13 * -17,-221
approx 13 / -17,-0.7647058823529411
approx 13 + -16,-3
approx 13 - -16,29
approx 13 * -16,-208
approx 13 / -16,-0.8125
approx 13 + -15,-2
approx 13 - -15,28
approx 13 * -15,-195
approx 13 / -15,-0.8666666666666667
approx 13 + -14,-1
approx 13 - -14,27
approx 13 * -14,-182
approx 13 / -14,-0.9285714285714286
approx 13 + -13,0
approx 13 - -13,26
approx 13 * -13,-169
approx 13 / -13,-1.0
approx 13 + -12,1
approx 13 - -12,25
approx 13 * -12,-156
approx 13 / -12,-1.0833333333333333
approx 13 + -11,2
approx 13 - -11,24
approx 13 * -11,-143
approx 13 / -11,-1.1818181818181819
approx 13 + -10,3
approx 13 - -10,23
approx 13 * -10,-130
approx 13 / -10,-1.3
approx 13 + -9,4
approx 13 - -9,22
approx 13 * -9,-117
approx 13 / -9,-1.4444444444444444
approx 13 + -8,5
approx 13 - -8,21
approx 13 * -8,-104
approx 13 / -8,-1.625
approx 13 + -7,6
approx 13 - -7,20
approx 13 * -7,-91
approx 13 / -7,-1.8571428571428572
approx 13 + -6,7
approx 13 - -6,19
approx 13 * -6,-78
approx 13 / -6,-2.1666666666666665
approx 13 + -5,8
approx 13 - -5,18
approx 13 * -5,-65
approx 13 / -5,-2.6
approx 13 + -4,9
approx 13 - -4,17
approx 13 * -4,-52
approx 13 / -4,-3.25
approx 13 + -3,10
approx 13 - -3,16
approx 13 * -3,-39
approx 13 / -3,-4.333333333333333
approx 13 + -2,11
approx 13 - -2,15
approx 13 * -2,-26
approx 13 / -2,-6.5
approx 13 + -1,12
approx 13 - -1,14
approx 13 * -1,-13
approx 13 / -1,-13.0
approx 13 + 0,13
approx 13 - 0,13
approx 13 * 0,0
approx 13 + 1,14
approx 13 - 1,12
approx 13 * 1,13
approx 13 / 1,13.0
approx 13 + 2,15
approx 13 - 2,11
approx 13 * 2,26
approx 13 / 2,6.5
approx 13 + 3,16
approx 13 - 3,10
approx 13 * 3,39
approx 13 / 3,4.333333333333333
approx 13 + 4,17
approx 13 - 4,9
approx 13 * 4,52
approx 13 / 4,3.25
approx 13 + 5,18
approx 13 - 5,8
approx 13 * 5,65
approx 13 / 5,2.6
approx 13 + 6,19
approx 13 - 6,7
approx 13 * 6,78
approx 13 / 6,2.1666666666666665
approx 13 + 7,20
approx 13 - 7,6
approx 13 * 7,91
approx 13 / 7,1.8571428571428572
approx 13 + 8,21
approx 13 - 8,5
approx 13 * 8,104
approx 13 / 8,1.625
approx 13 + 9,22
approx 13 - 9,4
approx 13 * 9,117
approx 13 / 9,1.4444444444444444
approx 13 + 10,23
approx 13 - 10,3
approx 13 * 10,130
approx 13 / 10,1.3
approx 13 + 11,24
approx 13 - 11,2
approx 13 * 11,143
approx 13 / 11,1.1818181818181819
approx 13 + 12,25
approx 13 - 12,1
approx 13 * 12,156
approx 13 / 12,1.0833333333333333
approx 13 + 13,26
approx 13 - 13,0
approx 13 * 13,169
approx 13 / 13,1.0
approx 13 + 14,27
approx 13 - 14,-1
approx 13 * 14,182
approx 13 / 14,0.9285714285714286
approx 13 + 15,28
approx 13 - 15,-2
approx 13 * 15,195
approx 13 / 15,0.8666666666666667
approx 13 + 16,29
approx 13 - 16,-3
approx 13 * 16,208
approx 13 / 16,0.8125
approx 13 + 17,30
approx 13 - 17,-4
approx 13 * 17,221
approx 13 / 17,0.7647058823529411
approx 13 + 18,31
approx 13 - 18,-5
approx 13 * 18,234
approx 13 / 18,0.7222222222222222
approx 13 + 19,32
approx 13 - 19,-6
approx 13 * 19,247
approx 13 / 19,0.6842105263157895
approx 13 + 20,33
approx 13 - 20,-7
approx 13 * 20,260
approx 13 / 20,0.65
approx 14 + -20,-6
approx 14 - -20,34
approx 14 * -20,-280
approx 14 / -20,-0.7
approx 14 + -19,-5
approx 14 - -19,33
approx 14 * -19,-266
approx 14 / -19,-0.7368421052631579
approx 14 + -18,-4
approx 14 - -18,32
approx 14 * -18,-252
approx 14 / -18,-0.7777777777777778
approx 14 + -17,-3
approx 14 - -17,31
approx 14 * -17,-238
approx 14 / -17,-0.8235294117647058
approx 14 + -16,-2
approx 14 - -16,30
approx 14 * -16,-224
approx 14 / -16,-0.875
approx 14 + -15,-1
approx 14 - -15,29
approx 14 * -15,-210
approx 14 / -15,-0.9333333333333333
approx 14 + -14,0
approx 14 - -14,28
approx 14 * -14,-196
approx 14 / -14,-1.0
approx 14 + -13,1
approx 14 - -13,27
approx 14 * -13,-182
approx 14 / -13,-1.0769230769230769
approx 14 + -12,2
approx 14 - -12,26
approx 14 * -12,-168
approx 14 / -12,-1.1666666666666667
approx 14 + -11,3
approx 14 - -11,25
approx 14 * -11,-154
approx 14 / -11,-1.2727272727272727
approx 14 + -10,4
approx 14 - -10,24
approx 14 * -10,-140
approx 14 / -10,-1.4
approx 14 + -9,5
approx 14 - -9,23
approx 14 * -9,-126
approx 14 / -9,-1.5555555555555556
approx 14 + -8,6
approx 14 - -8,22
approx 14 * -8,-112
approx 14 / -8,-1.75
approx 14 + -7,7
approx 14 - -7,21
approx 14 * -7,-98
approx 14 / -7,-2.0
approx 14 + -6,8
approx 14 - -6,20
approx 14 * -6,-84
approx 14 / -6,-2.3333333333333335
approx 14 + -5,9
approx 14 - -5,19
approx 14 * -5,-70
approx 14 / -5,-2.8
approx 14 + -4,10
approx 14 - -4,18
approx 14 * -4,-56
approx 14 / -4,-3.5
approx 14 + -3,11
approx 14 - -3,17
approx 14 * -3,-42
approx 14 / -3,-4.666666666666667
approx 14 + -2,12
approx 14 - -2,16
approx 14 * -2,-28
approx 14 / -2,-7.0
approx 14 + -1,13
approx 14 - -1,15
approx 14 * -1,-14
approx 14 / -1,-14.0
approx 14 + 0,14
approx 14 - 0,14
approx 14 * 0,0
approx 14 + 1,15
approx 14 - 1,13
approx 14 * 1,14
approx 14 / 1,14.0
approx 14 + 2,16
approx 14 - 2,12
approx 14 * 2,28
approx 14 / 2,7.0
approx 14 + 3,17
approx 14 - 3,11
approx 14 * 3,42
approx 14 / 3,4.666666666666667
approx 14 + 4,18
approx 14 - 4,10
approx 14 * 4,56
approx 14 / 4,3.5
approx 14 + 5,19
approx 14 - 5,9
approx 14 * 5,70
approx 14 / 5,2.8
approx 14 + 6,20
approx 14 - 6,8
approx 14 * 6,84
approx 14 / 6,2.3333333333333335
approx 14 + 7,21
approx 14 - 7,7
approx 14 * 7,98
approx 14 / 7,2.0
approx 14 + 8,22
approx 14 - 8,6
approx 14 * 8,112
approx 14 / 8,1.75
approx 14 + 9,23
approx 14 - 9,5
approx 14 * 9,126
approx 14 / 9,1.5555555555555556
approx 14 + 10,24
approx 14 - 10,4
approx 14 * 10,140
approx 14 / 10,1.4
approx 14 + 11,25
approx 14 - 11,3
approx 14 * 11,154
approx 14 / 11,1.2727272727272727
approx 14 + 12,26
approx 14 - 12,2
approx 14 * 12,168
approx 14 / 12,1.1666666666666667
approx 14 + 13,27
approx 14 - 13,1
approx 14 * 13,182
approx 14 / 13,1.0769230769230769
approx 14 + 14,28
approx 14 - 14,0
approx 14 * 14,196
approx 14 / 14,1.0
approx 14 + 15,29
approx 14 - 15,-1
approx 14 * 15,210
approx 14 / 15,0.9333333333333333
approx 14 + 16,30
approx 14 - 16,-2
approx 14 * 16,224
approx 14 / 16,0.875
approx 14 + 17,31
approx 14 - 17,-3
approx 14 * 17,238
approx 14 / 17,0.8235294117647058
approx 14 + 18,32
approx 14 - 18,-4
approx 14 * 18,252
approx 14 / 18,0.7777777777777778
approx 14 + 19,33
approx 14 - 19,-5
approx 14 * 19,266
approx 14 / 19,0.7368421052631579
approx 14 + 20,34
approx 14 - 20,-6
approx 14 * 20,280
approx 14 / 20,0.7
approx 15 + -20,-5
approx 15 - -20,35
approx 15 * -20,-300
approx 15 / -20,-0.75
approx 15 + -19,-4
approx 15 - -19,34
approx 15 * -19,-285
approx 15 / -19,-0.7894736842105263
approx 15 + -18,-3
approx 15 - -18,33
approx 15 * -18,-270
approx 15 / -18,-0.8333333333333334
approx 15 + -17,-2
approx 15 - -17,32
approx 15 * -17,-255
approx 15 / -17,-0.8823529411764706
approx 15 + -16,-1
approx 15 - -16,31
approx 15 * -16,-240
approx 15 / -16,-0.9375
approx 15 + -15,0
approx 15 - -15,30
approx 15 * -15,-225
approx 15 / -15,-1.0
approx 15 + -14,1
approx 15 - -14,29
approx 15 * -14,-210
approx 15 / -14,-1.0714285714285714
approx 15 + -13,2
approx 15 - -13,28
approx 15 * -13,-195
approx 15 / -13,-1.1538461538461537
approx 15 + -12,3
approx 15 - -12,27
approx 15 * -12,-180
approx 15 / -12,-1.25
approx 15 + -11,4
approx 15 - -11,26
approx 15 * -11,-165
approx 15 / -11,-1.3636363636363635
approx 15 + -10,5
approx 15 - -10,25
approx 15 * -10,-150
approx 15 / -10,-1.5
approx 15 + -9,6
approx 15 - -9,24
approx 15 * -9,-135
approx 15 / -9,-1.6666666666666667
approx 15 + -8,7
approx 15 - -8,23
approx 15 * -8,-120
approx 15 / -8,-1.875
approx 15 + -7,8
approx 15 - -7,22
approx 15 * -7,-105
approx 15 / -7,-2.142857142857143
approx 15 + -6,9
approx 15 - -6,21
approx 15 * -6,-90
approx 15 / -6,-2.5
approx 15 + -5,10
approx 15 - -5,20
approx 15 * -5,-75
approx 15 / -5,-3.0
approx 15 + -4,11
approx 15 - -4,19
approx 15 * -4,-60
approx 15 / -4,-3.75
approx 15 + -3,12
approx 15 - -3,18
approx 15 * -3,-45
approx 15 / -3,-5.0
approx 15 + -2,13
approx 15 - -2,17
approx 15 * -2,-30
approx 15 / -2,-7.5
approx 15 + -1,14
approx 15 - -1,16
approx 15 * -1,-15
approx 15 / -1,-15.0
approx 15 + 0,15
approx 15 - 0,15
approx 15 * 0,0
approx 15 + 1,16
approx 15 - 1,14
approx 15 * 1,15
approx 15 / 1,15.0
approx 15 + 2,17
approx 15 - 2,13
approx 15 * 2,30
approx 15 / 2,7.5
approx 15 + 3,18
approx 15 - 3,12
approx 15 * 3,45
approx 15 / 3,5.0
approx 15 + 4,19
approx 15 - 4,11
approx 15 * 4,60
approx 15 / 4,3.75
approx 15 + 5,20
approx 15 - 5,10
approx 15 * 5,75
approx 15 / 5,3.0
approx 15 + 6,21
approx 15 - 6,9
approx 15 * 6,90
approx 15 / 6,2.5
approx 15 + 7,22
approx 15 - 7,8
approx 15 * 7,105
approx 15 / 7,2.142857142857143
approx 15 + 8,23
approx 15 - 8,7
approx 15 * 8,120
approx 15 / 8,1.875
approx 15 + 9,24
approx 15 - 9,6
approx 15 * 9,135
approx 15 / 9,1.6666666666666667
approx 15 + 10,25
approx 15 - 10,5
approx 15 * 10,150
approx 15 / 10,1.5
approx 15 + 11,26
approx 15 - 11,4
approx 15 * 11,165
approx 15 / 11,1.3636363636363635
approx 15 + 12,27
approx 15 - 12,3
approx 15 * 12,180
approx 15 / 12,1.25
approx 15 + 13,28
approx 15 - 13,2
approx 15 * 13,195
approx 15 / 13,1.1538461538461537
approx 15 + 14,29
approx 15 - 14,1
approx 15 * 14,210
approx 15 / 14,1.0714285714285714
approx 15 + 15,30
approx 15 - 15,0
approx 15 * 15,225
approx 15 / 15,1.0
approx 15 + 16,31
approx 15 - 16,-1
approx 15 * 16,240
approx 15 / 16,0.9375
approx 15 + 17,32
approx 15 - 17,-2
approx 15 * 17,255
approx 15 / 17,0.8823529411764706
approx 15 + 18,33
approx 15 - 18,-3
approx 15 * 18,270
approx 15 / 18,0.8333333333333334
approx 15 + 19,34
approx 15 - 19,-4
approx 15 * 19,285
approx 15 / 19,0.7894736842105263
approx 15 + 20,35
approx 15 - 20,-5
approx 15 * 20,300
approx 15 / 20,0.75
approx 16 + -20,-4
approx 16 - -20,36
approx 16 * -20,-320
approx 16 / -20,-0.8
approx 16 + -19,-3
approx 16 - -19,35
approx 16 * -19,-304
approx 16 / -19,-0.8421052631578947
approx 16 + -18,-2
approx 16 - -18,34
approx 16 * -18,-288
approx 16 / -18,-0.8888888888888888
approx 16 + -17,-1
approx 16 - -17,33
approx 16 * -17,-272
approx 16 / -17,-0.9411764705882353
approx 16 + -16,0
approx 16 - -16,32
approx 16 * -16,-256
approx 16 / -16,-1.0
approx 16 + -15,1
approx 16 - -15,31
approx 16 * -15,-240
approx 16 / -15,-1.0666666666666667
approx 16 + -14,2
approx 16 - -14,30
approx 16 * -14,-224
approx 16 / -14,-1.1428571428571428
approx 16 + -13,3
approx 16 - -13,29
approx 16 * -13,-208
approx 16 / -13,-1.2307692307692308
approx 16 + -12,4
approx 16 - -12,28
approx 16 * -12,-192
approx 16 / -12,-1.3333333333333333
approx 16 + -11,5
approx 16 - -11,27
approx 16 * -11,-176
approx 16 / -11,-1.4545454545454546
approx 16 + -10,6
approx 16 - -10,26
approx 16 * -10,-160
approx 16 / -10,-1.6
approx 16 + -9,7
approx 16 - -9,25
approx 16 * -9,-144
approx 16 / -9,-1.7777777777777777
approx 16 + -8,8
approx 16 - -8,24
approx 16 * -8,-128
approx 16 / -8,-2.0
approx 16 + -7,9
approx 16 - -7,23
approx 16 * -7,-112
approx 16 / -7,-2.2857142857142856
approx 16 + -6,10
approx 16 - -6,22
approx 16 * -6,-96
approx 16 / -6,-2.6666666666666665
approx 16 + -5,11
approx 16 - -5,21
approx 16 * -5,-80
approx 16 / -5,-3.2
approx 16 + -4,12
approx 16 - -4,20
approx 16 * -4,-64
approx 16 / -4,-4.0
approx 16 + -3,13
approx 16 - -3,19
approx 16 * -3,-48
approx 16 / -3,-5.333333333333333
approx 16 + -2,14
approx 16 - -2,18
approx 16 * -2,-32
approx 16 / -2,-8.0
approx 16 + -1,15
approx 16 - -1,17
approx 16 * -1,-16
approx 16 / -1,-16.0
approx 16 + 0,16
approx 16 - 0,16
approx 16 * 0,0
approx 16 + 1,17
approx 16 - 1,15
approx 16 * 1,16
approx 16 / 1,16.0
approx 16 + 2,18
approx 16 - 2,14
approx 16 * 2,32
approx 16 / 2,8.0
approx 16 + 3,19
approx 16 - 3,13
approx 16 * 3,48
approx 16 / 3,5.333333333333333
approx 16 + 4,20
approx 16 - 4,12
approx 16 * 4,64
approx 16 / 4,4.0
approx 16 + 5,21
approx 16 - 5,11
approx 16 * 5,80
approx 16 / 5,3.2
approx 16 + 6,22
approx 16 - 6,10
approx 16 * 6,96
approx 16 / 6,2.6666666666666665
approx 16 + 7,23
approx 16 - 7,9
approx 16 * 7,112
approx 16 / 7,2.2857142857142856
approx 16 + 8,24
approx 16 - 8,8
approx 16 * 8,128
approx 16 / 8,2.0
approx 16 + 9,25
approx 16 - 9,7
approx 16 * 9,144
approx 16 / 9,1.7777777777777777
approx 16 + 10,26
approx 16 - 10,6
approx 16 * 10,160
approx 16 / 10,1.6
approx 16 + 11,27
approx 16 - 11,5
approx 16 * 11,176
approx 16 / 11,1.4545454545454546
approx 16 + 12,28
approx 16 - 12,4
approx 16 * 12,192
approx 16 / 12,1.3333333333333333
approx 16 + 13,29
approx 16 - 13,3
approx 16 * 13,208
approx 16 / 13,1.2307692307692308
approx 16 + 14,30
approx 16 - 14,2
approx 16 * 14,224
approx 16 / 14,1.1428571428571428
approx 16 + 15,31
approx 16 - 15,1
approx 16 * 15,240
approx 16 / 15,1.0666666666666667
approx 16 + 16,32
approx 16 - 16,0
approx 16 * 16,256
approx 16 / 16,1.0
approx 16 + 17,33
approx 16 - 17,-1
approx 16 * 17,272
approx 16 / 17,0.9411764705882353
approx 16 + 18,34
approx 16 - 18,-2
approx 16 * 18,288
approx 16 / 18,0.8888888888888888
approx 16 + 19,35
approx 16 - 19,-3
approx 16 * 19,304
approx 16 / 19,0.8421052631578947
approx 16 + 20,36
approx 16 - 20,-4
approx 16 * 20,320
approx 16 / 20,0.8
approx 17 + -20,-3
approx 17 - -20,37
approx 17 * -20,-340
approx 17 / -20,-0.85
approx 17 + -19,-2
approx 17 - -19,36
approx 17 * -19,-323
approx 17 / -19,-0.8947368421052632
approx 17 + -18,-1
approx 17 - -18,35
approx 17 * -18,-306
approx 17 / -18,-0.9444444444444444
approx 17 + -17,0
approx 17 - -17,34
approx 17 * -17,-289
approx 17 / -17,-1.0
approx 17 + -16,1
approx 17 - -16,33
approx 17 * -16,-272
approx 17 / -16,-1.0625
approx 17 + -15,2
approx 17 - -15,32
approx 17 * -15,-255
approx 17 / -15,-1.1333333333333333
approx 17 + -14,3
approx 17 - -14,31
approx 17 * -14,-238
approx 17 / -14,-1.2142857142857142
approx 17 + -13,4
approx 17 - -13,30
approx 17 * -13,-221
approx 17 / -13,-1.3076923076923077
approx 17 + -12,5
approx 17 - -12,29
approx 17 * -12,-204
approx 17 / -12,-1.4166666666666667
approx 17 + -11,6
approx 17 - -11,28
approx 17 * -11,-187
approx 17 / -11,-1.5454545454545454
approx 17 + -10,7
approx 17 - -10,27
approx 17 * -10,-170
approx 17 / -10,-1.7
approx 17 + -9,8
approx 17 - -9,26
approx 17 * -9,-153
approx 17 / -9,-1.8888888888888888
approx 17 + -8,9
approx 17 - -8,25
approx 17 * -8,-136
approx 17 / -8,-2.125
approx 17 + -7,10
approx 17 - -7,24
approx 17 * -7,-119
approx 17 / -7,-2.4285714285714284
approx 17 + -6,11
approx 17 - -6,23
approx 17 * -6,-102
approx 17 / -6,-2.8333333333333335
approx 17 + -5,12
approx 17 - -5,22
approx 17 * -5,-85
approx 17 / -5,-3.4
approx 17 + -4,13
approx 17 - -4,21
approx 17 * -4,-68
approx 17 / -4,-4.25
approx 17 + -3,14
approx 17 - -3,20
approx 17 * -3,-51
approx 17 / -3,-5.666666666666667
approx 17 + -2,15
approx 17 - -2,19
approx 17 * -2,-34
approx 17 / -2,-8.5
approx 17 + -1,16
approx 17 - -1,18
approx 17 * -1,-17
approx 17 / -1,-17.0
approx 17 + 0,17
approx 17 - 0,17
approx 17 * 0,0
approx 17 + 1,18
approx 17 - 1,16
approx 17 * 1,17
approx 17 / 1,17.0
approx 17 + 2,19
approx 17 - 2,15
approx 17 * 2,34
approx 17 / 2,8.5
approx 17 + 3,20
approx 17 - 3,14
approx 17 * 3,51
approx 17 / 3,5.666666666666667
approx 17 + 4,21
approx 17 - 4,13
approx 17 * 4,68
approx 17 / 4,4.25
approx 17 + 5,22
approx 17 - 5,12
approx 17 * 5,85
approx 17 / 5,3.4
approx 17 + 6,23
approx 17 - 6,11
approx 17 * 6,102
approx 17 / 6,2.8333333333333335
approx 17 + 7,24
approx 17 - 7,10
approx 17 * 7,119
approx 17 / 7,2.4285714285714284
approx 17 + 8,25
approx 17 - 8,9
approx 17 * 8,136
approx 17 / 8,2.125
approx 17 + 9,26
approx 17 - 9,8
approx 17 * 9,153
approx 17 / 9,1.8888888888888888
approx 17 + 10,27
approx 17 - 10,7
approx 17 * 10,170
approx 17 / 10,1.7
approx 17 + 11,28
approx 17 - 11,6
approx 17 * 11,187
approx 17 / 11,1.5454545454545454
approx 17 + 12,29
approx 17 - 12,5
approx 17 * 12,204
approx 17 / 12,1.4166666666666667
approx 17 + 13,30
approx 17 - 13,4
approx 17 * 13,221
approx 17 / 13,1.3076923076923077
approx 17 + 14,31
approx 17 - 14,3
approx 17 * 14,238
approx 17 / 14,1.2142857142857142
approx 17 + 15,32
approx 17 - 15,2
approx 17 * 15,255
approx 17 / 15,1.1333333333333333
approx 17 + 16,33
approx 17 - 16,1
approx 17 * 16,272
approx 17 / 16,1.0625
approx 17 + 17,34
approx 17 - 17,0
approx 17 * 17,289
approx 17 / 17,1.0
approx 17 + 18,35
approx 17 - 18,-1
approx 17 * 18,306
approx 17 / 18,0.9444444444444444
approx 17 + 19,36
approx 17 - 19,-2
approx 17 * 19,323
approx 17 / 19,0.8947368421052632
approx 17 + 20,37
approx 17 - 20,-3
approx 17 * 20,340
approx 17 / 20,0.85
approx 18 + -20,-2
approx 18 - -20,38
approx 18 * -20,-360
approx 18 / -20,-0.9
approx 18 + -19,-1
approx 18 - -19,37
approx 18 * -19,-342
approx 18 / -19,-0.9473684210526315
approx 18 + -18,0
approx 18 - -18,36
approx 18 * -18,-324
approx 18 / -18,-1.0
approx 18 + -17,1
approx 18 - -17,35
approx 18 * -17,-306
approx 18 / -17,-1.0588235294117647
approx 18 + -16,2
approx 18 - -16,34
approx 18 * -16,-288
approx 18 / -16,-1.125
approx 18 + -15,3
approx 18 - -15,33
approx 18 * -15,-270
approx 18 / -15,-1.2
approx 18 + -14,4
approx 18 - -14,32
approx 18 * -14,-252
approx 18 / -14,-1.2857142857142858
approx 18 + -13,5
approx 18 - -13,31
approx 18 * -13,-234
approx 18 / -13,-1.3846153846153846
approx 18 + -12,6
approx 18 - -12,30
approx 18 * -12,-216
approx 18 / -12,-1.5
approx 18 + -11,7
approx 18 - -11,29
approx 18 * -11,-198
approx 18 / -11,-1.6363636363636365
approx 18 + -10,8
approx 18 - -10,28
approx 18 * -10,-180
approx 18 / -10,-1.8
approx 18 + -9,9
approx 18 - -9,27
approx 18 * -9,-162
approx 18 / -9,-2.0
approx 18 + -8,10
approx 18 - -8,26
approx 18 * -8,-144
approx 18 / -8,-2.25
approx 18 + -7,11
approx 18 - -7,25
approx 18 * -7,-126
approx 18 / -7,-2.5714285714285716
approx 18 + -6,12
approx 18 - -6,24
approx 18 * -6,-108
approx 18 / -6,-3.0
approx 18 + -5,13
approx 18 - -5,23
approx 18 * -5,-90
approx 18 / -5,-3.6
approx 18 + -4,14
approx 18 - -4,22
approx 18 * -4,-72
approx 18 / -4,-4.5
approx 18 + -3,15
approx 18 - -3,21
approx 18 * -3,-54
approx 18 / -3,-6.0
approx 18 + -2,16
approx 18 - -2,20
approx 18 * -2,-36
approx 18 / -2,-9.0
approx 18 + -1,17
approx 18 - -1,19
approx 18 * -1,-18
approx 18 / -1,-18.0
approx 18 + 0,18
approx 18 - 0,18
approx 18 * 0,0
approx 18 + 1,19
approx 18 - 1,17
approx 18 * 1,18
approx 18 / 1,18.0
approx 18 + 2,20
approx 18 - 2,16
approx 18 * 2,36
approx 18 / 2,9.0
approx 18 + 3,21
approx 18 - 3,15
approx 18 * 3,54
approx 18 / 3,6.0
approx 18 + 4,22
approx 18 - 4,14
approx 18 * 4,72
approx 18 / 4,4.5
approx 18 + 5,23
approx 18 - 5,13
approx 18 * 5,90
approx 18 / 5,3.6
approx 18 + 6,24
approx 18 - 6,12
approx 18 * 6,108
approx 18 / 6,3.0
approx 18 + 7,25
approx 18 - 7,11
approx 18 * 7,126
approx 18 / 7,2.5714285714285716
approx 18 + 8,26
approx 18 - 8,10
approx 18 * 8,144
approx 18 / 8,2.25
approx 18 + 9,27
approx 18 - 9,9
approx 18 * 9,162
approx 18 / 9,2.0
approx 18 + 10,28
approx 18 - 10,8
approx 18 * 10,180
approx 18 / 10,1.8
approx 18 + 11,29
approx 18 - 11,7
approx 18 * 11,198
approx 18 / 11,1.6363636363636365
approx 18 + 12,30
approx 18 - 12,6
approx 18 * 12,216
approx 18 / 12,1.5
approx 18 + 13,31
approx 18 - 13,5
approx 18 * 13,234
approx 18 / 13,1.3846153846153846
approx 18 + 14,32
approx 18 - 14,4
approx 18 * 14,252
approx 18 / 14,1.2857142857142858
approx 18 + 15,33
approx 18 - 15,3
approx 18 * 15,270
approx 18 / 15,1.2
approx 18 + 16,34
approx 18 - 16,2
approx 18 * 16,288
approx 18 / 16,1.125
approx 18 + 17,35
approx 18 - 17,1
approx 18 * 17,306
approx 18 / 17,1.0588235294117647
approx 18 + 18,36
approx 18 - 18,0
approx 18 * 18,324
approx 18 / 18,1.0
approx 18 + 19,37
approx 18 - 19,-1
approx 18 * 19,342
approx 18 / 19,0.9473684210526315
approx 18 + 20,38
approx 18 - 20,-2
approx 18 * 20,360
approx 18 / 20,0.9
approx 19 + -20,-1
approx 19 - -20,39
approx 19 * -20,-380
approx 19 / -20,-0.95
approx 19 + -19,0
approx 19 - -19,38
approx 19 * -19,-361
approx 19 / -19,-1.0
approx 19 + -18,1
approx 19 - -18,37
approx 19 * -18,-342
approx 19 / -18,-1.0555555555555556
approx 19 + -17,2
approx 19 - -17,36
approx 19 * -17,-323
approx 19 / -17,-1.1176470588235294
approx 19 + -16,3
approx 19 - -16,35
approx 19 * -16,-304
approx 19 / -16,-1.1875
approx 19 + -15,4
approx 19 - -15,34
approx 19 * -15,-285
approx 19 / -15,-1.2666666666666666
approx 19 + -14,5
approx 19 - -14,33
approx 19 * -14,-266
approx 19 / -14,-1.3571428571428572
approx 19 + -13,6
approx 19 - -13,32
approx 19 * -13,-247
approx 19 / -13,-1.4615384615384615
approx 19 + -12,7
approx 19 - -12,31
approx 19 * -12,-228
approx 19 / -12,-1.5833333333333333
approx 19 + -11,8
approx 19 - -11,30
approx 19 * -11,-209
approx 19 / -11,-1.7272727272727273
approx 19 + -10,9
approx 19 - -10,29
approx 19 * -10,-190
approx 19 / -10,-1.9
approx 19 + -9,10
approx 19 - -9,28
approx 19 * -9,-171
approx 19 / -9,-2.111111111111111
approx 19 + -8,11
approx 19 - -8,27
approx 19 * -8,-152
approx 19 / -8,-2.375
approx 19 + -7,12
approx 19 - -7,26
approx 19 * -7,-133
approx 19 / -7,-2.7142857142857144
approx 19 + -6,13
approx 19 - -6,25
approx 19 * -6,-114
approx 19 / -6,-3.1666666666666665
approx 19 + -5,14
approx 19 - -5,24
approx 19 * -5,-95
approx 19 / -5,-3.8
approx 19 + -4,15
approx 19 - -4,23
approx 19 * -4,-76
approx 19 / -4,-4.75
approx 19 + -3,16
approx 19 - -3,22
approx 19 * -3,-57
approx 19 / -3,-6.333333333333333
approx 19 + -2,17
approx 19 - -2,21
approx 19 * -2,-38
approx 19 / -2,-9.5
approx 19 + -1,18
approx 19 - -1,20
approx 19 * -1,-19
approx 19 / -1,-19.0
approx 19 + 0,19
approx 19 - 0,19
approx 19 * 0,0
approx 19 + 1,20
approx 19 - 1,18
approx 19 * 1,19
approx 19 / 1,19.0
approx 19 + 2,21
approx 19 - 2,17
approx 19 * 2,38
approx 19 / 2,9.5
approx 19 + 3,22
approx 19 - 3,16
approx 19 * 3,57
approx 19 / 3,6.333333333333333
approx 19 + 4,23
approx 19 - 4,15
approx 19 * 4,76
approx 19 / 4,4.75
approx 19 + 5,24
approx 19 - 5,14
approx 19 * 5,95
approx 19 / 5,3.8
approx 19 + 6,25
approx 19 - 6,13
approx 19 * 6,114
approx 19 / 6,3.1666666666666665
approx 19 + 7,26
approx 19 - 7,12
approx 19 * 7,133
approx 19 / 7,2.7142857142857144
approx 19 + 8,27
approx 19 - 8,11
approx 19 * 8,152
approx 19 / 8,2.375
approx 19 + 9,28
approx 19 - 9,10
approx 19 * 9,171
approx 19 / 9,2.111111111111111
approx 19 + 10,29
approx 19 - 10,9
approx 19 * 10,190
approx 19 / 10,1.9
approx 19 + 11,30
approx 19 - 11,8
approx 19 * 11,209
approx 19 / 11,1.7272727272727273
approx 19 + 12,31
approx 19 - 12,7
approx 19 * 12,228
approx 19 / 12,1.5833333333333333
approx 19 + 13,32
approx 19 - 13,6
approx 19 * 13,247
approx 19 / 13,1.4615384615384615
approx 19 + 14,33
approx 19 - 14,5
approx 19 * 14,266
approx 19 / 14,1.3571428571428572
approx 19 + 15,34
approx 19 - 15,4
approx 19 * 15,285
approx 19 / 15,1.2666666666666666
approx 19 + 16,35
approx 19 - 16,3
approx 19 * 16,304
approx 19 / 16,1.1875
approx 19 + 17,36
approx 19 - 17,2
approx 19 * 17,323
approx 19 / 17,1.1176470588235294
approx 19 + 18,37
approx 19 - 18,1
approx 19 * 18,342
approx 19 / 18,1.0555555555555556
approx 19 + 19,38
approx 19 - 19,0
approx 19 * 19,361
approx 19 / 19,1.0
approx 19 + 20,39
approx 19 - 20,-1
approx 19 * 20,380
approx 19 / 20,0.95
approx 20 + -20,0
approx 20 - -20,40
approx 20 * -20,-400
approx 20 / -20,-1.0
approx 20 + -19,1
approx 20 - -19,39
approx 20 * -19,-380
approx 20 / -19,-1.0526315789473684
approx 20 + -18,2
approx 20 - -18,38
approx 20 * -18,-360
approx 20 / -18,-1.1111111111111112
approx 20 + -17,3
approx 20 - -17,37
approx 20 * -17,-340
approx 20 / -17,-1.1764705882352942
approx 20 + -16,4
approx 20 - -16,36
approx 20 * -16,-320
approx 20 / -16,-1.25
approx 20 + -15,5
approx 20 - -15,35
approx 20 * -15,-300
approx 20 / -15,-1.3333333333333333
approx 20 + -14,6
approx 20 - -14,34
approx 20 * -14,-280
approx 20 / -14,-1.4285714285714286
approx 20 + -13,7
approx 20 - -13,33
approx 20 * -13,-260
approx 20 / -13,-1.5384615384615385
approx 20 + -12,8
approx 20 - -12,32
approx 20 * -12,-240
approx 20 / -12,-1.6666666666666667
approx 20 + -11,9
approx 20 - -11,31
approx 20 * -11,-220
approx 20 / -11,-1.8181818181818181
approx 20 + -10,10
approx 20 - -10,30
approx 20 * -10,-200
approx 20 / -10,-2.0
approx 20 + -9,11
approx 20 - -9,29
approx 20 * -9,-180
approx 20 / -9,-2.2222222222222223
approx 20 + -8,12
approx 20 - -8,28
approx 20 * -8,-160
approx 20 / -8,-2.5
approx 20 + -7,13
approx 20 - -7,27
approx 20 * -7,-140
approx 20 / -7,-2.857142857142857
approx 20 + -6,14
approx 20 - -6,26
approx 20 * -6,-120
approx 20 / -6,-3.3333333333333335
approx 20 + -5,15
approx 20 - -5,25
approx 20 * -5,-100
approx 20 / -5,-4.0
approx 20 + -4,16
approx 20 - -4,24
approx 20 * -4,-80
approx 20 / -4,-5.0
approx 20 + -3,17
approx 20 - -3,23
approx 20 * -3,-60
approx 20 / -3,-6.666666666666667
approx 20 + -2,18
approx 20 - -2,22
approx 20 * -2,-40
approx 20 / -2,-10.0
approx 20 + -1,19
approx 20 - -1,21
approx 20 * -1,-20
approx 20 / -1,-20.0
approx 20 + 0,20
approx 20 - 0,20
approx 20 * 0,0
approx 20 + 1,21
approx 20 - 1,19
approx 20 * 1,20
approx 20 / 1,20.0
approx 20 + 2,22
approx 20 - 2,18
approx 20 * 2,40
approx 20 / 2,10.0
approx 20 + 3,23
approx 20 - 3,17
approx 20 * 3,60
approx 20 / 3,6.666666666666667
approx 20 + 4,24
approx 20 - 4,16
approx 20 * 4,80
approx 20 / 4,5.0
approx 20 + 5,25
approx 20 - 5,15
approx 20 * 5,100
approx 20 / 5,4.0
approx 20 + 6,26
approx 20 - 6,14
approx 20 * 6,120
approx 20 / 6,3.3333333333333335
approx 20 + 7,27
approx 20 - 7,13
approx 20 * 7,140
approx 20 / 7,2.857142857142857
approx 20 + 8,28
approx 20 - 8,12
approx 20 * 8,160
approx 20 / 8,2.5
approx 20 + 9,29
approx 20 - 9,11
approx 20 * 9,180
approx 20 / 9,2.2222222222222223
approx 20 + 10,30
approx 20 - 10,10
approx 20 * 10,200
approx 20 / 10,2.0
approx 20 + 11,31
approx 20 - 11,9
approx 20 * 11,220
approx 20 / 11,1.8181818181818181
approx 20 + 12,32
approx 20 - 12,8
approx 20 * 12,240
approx 20 / 12,1.6666666666666667
approx 20 + 13,33
approx 20 - 13,7
approx 20 * 13,260
approx 20 / 13,1.5384615384615385
approx 20 + 14,34
approx 20 - 14,6
approx 20 * 14,280
approx 20 / 14,1.4285714285714286
approx 20 + 15,35
approx 20 - 15,5
approx 20 * 15,300
approx 20 / 15,1.3333333333333333
approx 20 + 16,36
approx 20 - 16,4
approx 20 * 16,320
approx 20 / 16,1.25
approx 20 + 17,37
approx 20 - 17,3
approx 20 * 17,340
approx 20 / 17,1.1764705882352942
approx 20 + 18,38
approx 20 - 18,2
approx 20 * 18,360
approx 20 / 18,1.1111111111111112
approx 20 + 19,39
approx 20 - 19,1
approx 20 * 19,380
approx 20 / 19,1.0526315789473684
approx 20 + 20,40
approx 20 - 20,0
approx 20 * 20,400
approx 20 / 20,1.0
approx 2 + 3,5
approx 10 - 4,6
approx 2 + 6,8
